Workbook

Sheet BẢNG TỔNG HỢP
A1: PHỤ LỤC 2:
A2: BẢNG TỔNG HỢP NHU CẦU CÁP QUANG PON CÁC ĐƠN VỊ 2026
A3: (Kèm theo văn bản số 114/CV-HT ngày 02 tháng 03 năm 2026)
A5: STT | B5: SITE | C5: TỔ HT | D5: KHU VỰC TTVT | E5: Cáp quang 6FO(m) | F5: Cáp quang 12FO(m) | G5: SP 1:4 | H5: SP 1: 8 (S1) | I5: SP 1: 8 (S2) | J5: SP 1: 16 | K5: TỔNG CÁP NHU CẦU | L5: GHI CHÚ | R5: 2025
A6: TỔNG CỘNG(I+II): | E6: =E13 -> 80000 | F6: =F13 -> 0 | G6: =G13 -> 111 | H6: =H13 -> 0 | I6: =I13 -> 0 | J6: =J13 -> 417 | K6: =SUM(E6:F6) -> 80000
A7: 1 | B7: LONG XUYÊN | C7: An Châu | D7: An Châu | E7: =ACU_OK!K3 -> 15000 | F7: =ACU_OK!L3 -> 0 | G7: =ACU_OK!N3 -> 22 | H7: =ACU_OK!O3 -> 0 | I7: =ACU_OK!P3 -> 0 | J7: =ACU_OK!Q3 -> 87 | K7: =SUM(E7:F7) -> 15000
A8: 2 | D8: Châu Phú | E8: =CPU_OK!K3 -> 18000 | F8: =CPU_OK!L3 -> 0 | G8: =CPU_OK!N3 -> 21 | H8: =CPU_OK!O3 -> 0 | I8: =CPU_OK!P3 -> 0 | J8: =CPU_OK!Q3 -> 84 | K8: =SUM(E8:F8) -> 18000
A9: 3 | C9: Châu Đốc | D9: An Phú | E9: =APU_OK!K3 -> 17000 | F9: =APU_OK!L3 -> 0 | G9: =APU_OK!N3 -> 23 | H9: =APU_OK!O3 -> 0 | I9: =APU_OK!P3 -> 0 | J9: =APU_OK!Q3 -> 86 | K9: =SUM(E9:F9) -> 17000
A10: 4 | D10: Châu Đốc | E10: =CĐC_OK!K3 -> 12000 | F10: =CĐC_OK!L3 -> 0 | G10: =CĐC_OK!N3 -> 16 | H10: =CĐC_OK!O3 -> 0 | I10: =CĐC_OK!P3 -> 0 | J10: =CĐC_OK!Q3 -> 60 | K10: =SUM(E10:F10) -> 12000
A11: 8 | C11: Phú Tân | D11: Phú Tân | E11: =PTN_OK!K3 -> 10000 | F11: =PTN_OK!L3 -> 0 | G11: =PTN_OK!N3 -> 18 | H11: =PTN_OK!O3 -> 0 | I11: =PTN_OK!P3 -> 0 | J11: =PTN_OK!Q3 -> 61 | K11: =SUM(E11:F11) -> 10000
A12: 9 | D12: Tân Châu | E12: =TCU_OK!K3 -> 8000 | F12: =TCU_OK!L3 -> 0 | G12: =TCU_OK!N3 -> 11 | H12: =TCU_OK!O3 -> 0 | I12: =TCU_OK!P3 -> 0 | J12: =TCU_OK!Q3 -> 39 | K12: =SUM(E12:F12) -> 8000
A13: II. TỔNG SITE LONG XUYÊN | E13: =SUM(E7:E12) -> 80000 | F13: =SUM(F7:F12) -> 0 | G13: =SUM(G7:G12) -> 111 | H13: =SUM(H7:H12) -> 0 | I13: =SUM(I7:I12) -> 0 | J13: =SUM(J7:J12) -> 417 | K13: =SUM(E13:F13) -> 80000 | R13: 328

Sheet ACU_OK
B1: VTAG - TỔNG HỢP NHU CẦU CÁP QUANG GPON 2026
B3: TỔNG CỘNG: | I3: TTVT AN CHÂU | K3: =SUMIF($C$6:$C$4312,"An Châu",K6:K4312) -> 15000 | L3: =SUMIF($C$6:$C$4312,"An Châu",L6:L4312) -> 0 | M3: =SUMIF($C$6:$C$4312,"An Châu",M6:M4312) -> 0 | N3: =SUMIF($C$6:$C$4312,"An Châu",N6:N4312) -> 22 | O3: =SUMIF($C$6:$C$4312,"An Châu",O6:O4312) -> 0 | P3: =SUMIF($C$6:$C$4312,"An Châu",P6:P4312) -> 0 | Q3: =SUMIF($C$6:$C$4312,"An Châu",Q6:Q4312) -> 87 | R3: =SUMIF($C$6:$C$4312,"An Châu",R6:R4312) -> 6
A4: TUYẾN TỔNG HỢP | B4: STT | C4: Đơn vị | D4: OLT | E4: ĐIỂM ĐẦU A | F4: ĐIỂM ĐẦU B | G4: Tọa độ A | I4: Tọa độ B | K4: Cáp quang 6FO(m) | L4: Cáp quang 12FO(m) | M4: Cáp quang 24FO(m) | N4: SP 1:4 | O4: SP 1: 8 (S1) | P4: SP 1: 8 (S2) | Q4: SP 1: 16 | R4: ODF | S4: Ghi chú | T4: Thông tin bên Biểu 3_MẠNg GPON | U4: Mức độ Ưu tiên từ 1-3 | V4: TTHT CHECK
G5: Long | H5: lat | I5: Long | J5: lat | K5: =SUBTOTAL(9,K6:K3952) -> 15000 | L5: =SUBTOTAL(9,L6:L3952) -> 0 | M5: =SUBTOTAL(9,M6:M3952) -> 0 | N5: =SUBTOTAL(9,N6:N3952) -> 22 | O5: =SUBTOTAL(9,O6:O3952) -> 0 | P5: =SUBTOTAL(9,P6:P3952) -> 0 | Q5: =SUBTOTAL(9,Q6:Q3952) -> 87 | R5: =SUBTOTAL(9,R6:R3952) -> 6 | V5: KẾT QUẢ | W5: LÍ DO
A6: KDC nvc - KDC NVC 2 | B6: 1 | C6: An Châu | D6: CTH008 | E6: ODF 12FO Rạch Mương Trâu | F6: S2-VP ấp Bình Phú 2 | G6: 105.36028 | H6: 10.451609 | I6: 105.36076 | J6: 10.45062 | K6: 200 | N6: 1 | Q6: 1 | R6: 1 | T6: Tuyến BTS CTH040 - Cầu Mương Trâu | U6: 1 | V6: OK
A7: UBND XA CÔ TÔ - NGUYỄN THỊ SÁNG | B7: 2 | C7: An Châu | D7: CTH008 | E7: S2-VP ấp Bình Phú 2 | F7: S2-Ngang VP ấp Bình Phú 2 | G7: 105.36076 | H7: 10.45062 | I7: 105.36029 | J7: 10.45061 | K7: 100 | Q7: 1 | T7: Tuyến BTS CTH040 - Cầu Mương Trâu | U7: 1 | V7: OK
A8: UBND XA CÔ TÔ - NGUYỄN THỊ SÁNG | B8: 3 | C8: An Châu | D8: CTH008 | E8: S2-VP ấp Bình Phú 2 | F8: S2-Nhà trọ Minh Ánh | G8: 105.36076 | H8: 10.45062 | I8: 105.35981 | J8: 10.449189 | K8: 200 | Q8: 1 | T8: Tuyến BTS CTH040 - Cầu Mương Trâu | U8: 1 | V8: OK
A9: UBND XA CÔ TÔ - NGUYỄN THỊ SÁNG | B9: 4 | C9: An Châu | D9: CTH008 | E9: S2-Nhà trọ Minh Ánh | F9: S2-Trong nhà trọ Minh Ánh | G9: 105.35981 | H9: 10.449189 | I9: 105.35875 | J9: 10.44798 | K9: 200 | Q9: 1 | T9: Tuyến BTS CTH040 - Cầu Mương Trâu | U9: 1 | V9: OK
A10: UBND XA CÔ TÔ - NGUYỄN THỊ SÁNG | B10: 5 | C10: An Châu | D10: CTH008 | E10: ODF 12FO Bến tàu chợ Bình Hoà | F10: S2-Bến Tàu chợ Bình Hoà | G10: 105.34328 | H10: 10.46179 | I10: 105.33904 | J10: 10.462819 | K10: 650 | N10: 1 | Q10: 1 | R10: 1 | T10: Truyến BTS CTH008 - Bến tàu chợ Bình Hòa | U10: 1 | V10: OK | W10: Sửa toạ độ ODF 12FO Bến tàu chợ Bình Hoà
A11: UBND XA CÔ TÔ - NGUYỄN THỊ SÁNG | B11: 6 | C11: An Châu | D11: CTH008 | E11: S2-Bến Tàu chợ Bình Hoà | F11: S2-VTNN Minh Trí | G11: 105.33903 | H11: 10.462821 | I11: 105.33895 | J11: 10.461904 | Q11: 1 | S11: Lắp hộp Splitter trên tuyến cáp hiện hữu | T11: Truyến BTS CTH008 - Bến tàu chợ Bình Hòa | U11: 1 | V11: OK
A12: UBND XA CÔ TÔ - NGUYỄN THỊ SÁNG | B12: 7 | C12: An Châu | D12: CTH008 | E12: S2-VTNN Minh Trí | F12: S2-VLXD Út Chót | G12: 105.33895 | H12: 10.461904 | I12: 105.33826 | J12: 10.461231 | Q12: 1 | S12: Lắp hộp Splitter trên tuyến cáp hiện hữu | T12: Truyến BTS CTH008 - Bến tàu chợ Bình Hòa | U12: 1 | V12: OK
A13: UBND XA CÔ TÔ - NGUYỄN THỊ SÁNG | B13: 8 | C13: An Châu | D13: CTH008 | E13: S2-VLXD Út Chót | F13: S2-Bún cá Út Mỹ | G13: 105.33826 | H13: 10.461231 | I13: 105.33726 | J13: 10.460248 | Q13: 1 | S13: Lắp hộp Splitter trên tuyến cáp hiện hữu | T13: Truyến BTS CTH008 - Bến tàu chợ Bình Hòa | U13: 1 | V13: OK | W13: Sửa toạ độ điểm S2-Bún Cá Út Mỹ
A14: UBND XA CÔ TÔ - NGUYỄN THỊ SÁNG | B14: 9 | C14: An Châu | D14: CTH008 | E14: S2-Bún cá Út Mỹ | F14: S2-Ngoài Cấp 1 A Bình Hòa | G14: 105.33726 | H14: 10.460248 | I14: 105.33578 | J14: 10.459265 | N14: 1 | Q14: 1 | S14: Lắp hộp Splitter trên tuyến cáp hiện hữu | T14: Truyến BTS CTH008 - Bến tàu chợ Bình Hòa | U14: 1 | V14: OK
A15: UBND XA CÔ TÔ - NGUYỄN THỊ SÁNG | B15: 10 | C15: An Châu | D15: CTH008 | E15: S2-Ngoài Cấp 1 A Bình Hòa | F15: S2-Trong đình Bình Hòa | G15: 105.33578 | H15: 10.459265 | I15: 105.33428 | J15: 10.459191 | Q15: 1 | S15: Lắp hộp Splitter trên tuyến cáp hiện hữu | T15: Truyến BTS CTH008 - Bến tàu chợ Bình Hòa | U15: 1 | V15: OK
A16: TTO021 - TÂM SỬA XE HÀN TIỆN | B16: 11 | C16: An Châu | D16: CTH008 | E16: S2-Quảng cáo Đặng Lộc | F16: S2-Ngang Thái Khương | G16: 105.33349 | H16: 10.459326 | I16: 105.33268 | J16: 10.458551 | Q16: 1 | S16: Lắp hộp Splitter trên tuyến cáp hiện hữu | T16: Truyến BTS CTH008 - Bến tàu chợ Bình Hòa | U16: 1 | V16: OK
A17: TTO021 - TÂM SỬA XE HÀN TIỆN | B17: 12 | C17: An Châu | D17: CTH008 | E17: S2-Ngang Thái Khương | F17: S2-Tuấn Tú | G17: 105.33268 | H17: 10.458551 | I17: 105.33262 | J17: 10.457129 | Q17: 1 | S17: Lắp hộp Splitter trên tuyến cáp hiện hữu | T17: Truyến BTS CTH008 - Bến tàu chợ Bình Hòa | U17: 1 | V17: OK | W17: Phục vụ giảm tải cho tủ S2-AGG.CTH.BHA.OLT.A21.4.3.3
A18: TTO021 - TÂM SỬA XE HÀN TIỆN | B18: 13 | C18: An Châu | D18: CTH008 | E18: S2-Tuấn Tú | F18: S2-Trong Tuấn Tú | G18: 105.33262 | H18: 10.457129 | I18: 105.33187 | J18: 10.455513 | N18: 1 | Q18: 1 | S18: Lắp hộp Splitter trên tuyến cáp hiện hữu | T18: Truyến BTS CTH008 - Bến tàu chợ Bình Hòa | U18: 1 | V18: OK | W18: Sửa toạ độ S2-Trong Tuấn Tú
A19: TTO021 - TÂM SỬA XE HÀN TIỆN | B19: 14 | C19: An Châu | D19: CTH008 | E19: S2-Trong Tuấn Tú | F19: S2-Trong Anh Tài | G19: 105.33187 | H19: 10.455513 | I19: 105.33187 | J19: 10.454065 | Q19: 1 | S19: Lắp hộp Splitter trên tuyến cáp hiện hữu | T19: Truyến BTS CTH008 - Bến tàu chợ Bình Hòa | U19: 1 | V19: OK
A20: TTO021 - TÂM SỬA XE HÀN TIỆN | B20: 15 | C20: An Châu | D20: CTH008 | E20: S2-Trong Anh Tài | F20: S2-Trước CTH029 | G20: 105.33187 | H20: 10.454274 | I20: 105.33185 | J20: 10.451673 | Q20: 1 | S20: Lắp hộp Splitter trên tuyến cáp hiện hữu | T20: Truyến BTS CTH008 - Bến tàu chợ Bình Hòa | U20: 1 | V20: OK
A21: TTO021 - TÂM SỬA XE HÀN TIỆN | B21: 16 | C21: An Châu | D21: CTH008 | E21: S2-Trước CTH029 | F21: S2-Thiện Nhuận | G21: 105.33185 | H21: 10.451673 | I21: 105.33243 | J21: 10.449945 | Q21: 1 | S21: Lắp hộp Splitter trên tuyến cáp hiện hữu | T21: Truyến BTS CTH008 - Bến tàu chợ Bình Hòa | U21: 1 | V21: OK | W21: Sửa toạ độ S2-Thiện Nhuận
A22: TTO021 - TÂM SỬA XE HÀN TIỆN | B22: 17 | C22: An Châu | D22: CTH008 | E22: ODF 6FO Chợ Bình Hòa | F22: S2-VLXD Đức Nhung | G22: 105.34328 | H22: 10.46179 | I22: 105.3428 | J22: 10.462767 | N22: 1 | Q22: 1 | S22: Lắp hộp Splitter trên tuyến cáp hiện hữu | T22: Truyến BTS CTH008 - Bến tàu chợ Bình Hòa | U22: 1 | V22: OK
A23: TTO021 - TÂM SỬA XE HÀN TIỆN | B23: 18 | C23: An Châu | D23: CTH008 | E23: S2-VLXD Đức Nhung | F23: S2-Quốc Phong | G23: 105.3428 | H23: 10.462767 | I23: 105.34235 | J23: 10.46295 | Q23: 1 | S23: Lắp hộp Splitter trên tuyến cáp hiện hữu | T23: Truyến BTS CTH008 - Bến tàu chợ Bình Hòa | U23: 1 | V23: OK | W23: Sửa toạ độ S2-VLXD Đức Nhung
A24: TTO021 - TÂM SỬA XE HÀN TIỆN | B24: 19 | C24: An Châu | D24: CTH008 | E24: S2-Quốc Phong | F24: S2-Sau Lưng Ngô Sồi | G24: 105.3419 | H24: 10.4628 | I24: 105.34104 | J24: 10.462651 | Q24: 1 | S24: Lắp hộp Splitter trên tuyến cáp hiện hữu | T24: Truyến BTS CTH008 - Bến tàu chợ Bình Hòa | U24: 1 | V24: OK
A25: TTO008 - THCS LQI 2 | B25: 20 | C25: An Châu | D25: CTH008 | E25: S2-Sau Lưng Ngô Sồi | F25: S2-Cuối đường dưới | G25: 105.34104 | H25: 10.462651 | I25: 105.3402 | J25: 10.462345 | Q25: 1 | S25: Lắp hộp Splitter trên tuyến cáp hiện hữu | T25: Truyến BTS CTH008 - Bến tàu chợ Bình Hòa | U25: 1 | V25: OK
A26: TTO008 - THCS LQI 2 | B26: 21 | C26: An Châu | D26: CTH036 | E26: ODF 6FO bờ UB Bình Thạnh | F26: S2-Bờ UB Bình Thạnh 1 | G26: 105.34903 | H26: 10.467878 | I26: 105.34987 | J26: 10.46872 | N26: 1 | Q26: 1 | S26: Lắp hộp Splitter trên tuyến cáp hiện hữu | T26: Tuyến BTS CTH036 - Hướng UB xã Bình Thạnh cũ | U26: 1 | V26: OK | W26: Sửa toạ độ ODF 6FO bờ UB Bình Thạnh
A27: TTO008 - THCS LQI 2 | B27: 22 | C27: An Châu | D27: CTH036 | E27: S2-Bờ UB Bình Thạnh 1 | F27: S2-Bờ UB Bình Thạnh 2 | G27: 105.34987 | H27: 10.46872 | I27: 105.35073 | J27: 10.468719 | Q27: 1 | S27: Lắp hộp Splitter trên tuyến cáp hiện hữu | T27: Tuyến BTS CTH036 - Hướng UB xã Bình Thạnh cũ | U27: 1 | V27: OK | W27: Lắp tủ tuyến cáp có sẵn để sang thuê bao về bờ bên đây, giảm tải cho các tủ ở tuyến bên kia sông
A28: TTO008 - THCS LQI 2 | B28: 23 | C28: An Châu | D28: CTH036 | E28: S2-Bờ UB Bình Thạnh 2 | F28: S2-Bờ UB Bình Thạnh 3 | G28: 105.3522 | H28: 10.468254 | I28: 105.3522 | J28: 10.468254 | Q28: 1 | S28: Lắp hộp Splitter trên tuyến cáp hiện hữu | T28: Tuyến BTS CTH036 - Hướng UB xã Bình Thạnh cũ | U28: 1 | V28: OK | W28: Lắp tủ tuyến cáp có sẵn để sang thuê bao về bờ bên đây, giảm tải cho các tủ ở tuyến bên kia sông
A29: TTN.LQI.OLT.A21.1.7.3_Cầu Lạc Quới 2 - VĨNH LỘC 3 | B29: 24 | C29: An Châu | D29: CTH036 | E29: S2-Bờ UB Bình Thạnh 3 | F29: S2-Bờ UB Bình Thạnh 4 | G29: 105.35449 | H29: 10.466701 | I29: 105.35321 | J29: 10.467749 | Q29: 1 | S29: Lắp hộp Splitter trên tuyến cáp hiện hữu | T29: Tuyến BTS CTH036 - Hướng UB xã Bình Thạnh cũ | U29: 1 | V29: OK | W29: Lắp tủ tuyến cáp có sẵn để sang thuê bao về bờ bên đây, giảm tải cho các tủ ở tuyến bên kia sông
A30: TTN.LQI.OLT.A21.1.7.3_Cầu Lạc Quới 2 - VĨNH LỘC 3 | B30: 25 | C30: An Châu | D30: CTH036 | E30: S2-Bờ UB Bình Thạnh 4 | F30: S2-Bờ UB Bình Thạnh 5 | G30: 105.36515 | H30: 10.46584 | I30: 105.35449 | J30: 10.467014 | N30: 1 | Q30: 1 | S30: Lắp hộp Splitter trên tuyến cáp hiện hữu | T30: Tuyến BTS CTH036 - Hướng UB xã Bình Thạnh cũ | U30: 1 | V30: OK | W30: Lắp tủ tuyến cáp có sẵn để sang thuê bao về bờ bên đây, giảm tải cho các tủ ở tuyến bên kia sông
A31: TTN.LQI.OLT.A21.1.7.3_Cầu Lạc Quới 2 - VĨNH LỘC 3 | B31: 26 | C31: An Châu | D31: CTH036 | E31: S2-Bờ UB Bình Thạnh 5 | F31: S2-Bờ UB Bình Thạnh 6 | G31: 105.35804 | H31: 10.464707 | I31: 105.35615 | J31: 10.46584 | Q31: 1 | S31: Lắp hộp Splitter trên tuyến cáp hiện hữu | T31: Tuyến BTS CTH036 - Hướng UB xã Bình Thạnh cũ | U31: 1 | V31: OK | W31: Lắp tủ tuyến cáp có sẵn để sang thuê bao về bờ bên đây, giảm tải cho các tủ ở tuyến bên kia sông
A32: TTN.LQI.OLT.A21.1.7.3_Cầu Lạc Quới 2 - VĨNH LỘC 3 | B32: 27 | C32: An Châu | D32: CTH036 | E32: S2-Bờ UB Bình Thạnh 6 | F32: S2-Bờ UB Bình Thạnh 7 | G32: 105.35449 | H32: 10.467014 | I32: 105.35804 | J32: 10.464707 | Q32: 1 | S32: Lắp hộp Splitter trên tuyến cáp hiện hữu | T32: Tuyến BTS CTH036 - Hướng UB xã Bình Thạnh cũ | U32: 1 | V32: OK | W32: Lắp tủ tuyến cáp có sẵn để sang thuê bao về bờ bên đây, giảm tải cho các tủ ở tuyến bên kia sông
A33: TTN.LQI.OLT.A21.1.7.3_Cầu Lạc Quới 2 - VĨNH LỘC 3 | B33: 28 | C33: An Châu | D33: CTH036 | E33: S2-Bờ UB Bình Thạnh 7 | F33: S2-Bờ UB Bình Thạnh 8 | G33: 105.35615 | H33: 10.46584 | I33: 105.35986 | J33: 10.463579 | Q33: 1 | S33: Lắp hộp Splitter trên tuyến cáp hiện hữu | T33: Tuyến BTS CTH036 - Hướng UB xã Bình Thạnh cũ | U33: 1 | V33: OK | W33: Lắp tủ tuyến cáp có sẵn để sang thuê bao về bờ bên đây, giảm tải cho các tủ ở tuyến bên kia sông
A34: TTN.LQI.OLT.A21.1.7.3_Cầu Lạc Quới 2 - VĨNH LỘC 3 | B34: 29 | C34: An Châu | D34: CTH021 | E34: ODF 12F0 CTH021 Kinh Đứng | F34: S2-Trước trạm CTH021 | G34: 105.32417 | H34: 10.36174 | I34: 105.3238 | J34: 10.362037 | K34: 120 | N34: 1 | Q34: 1 | R34: 1 | T34: Tuyến BTS CTH021 - Kênh Đứng | U34: 1 | V34: OK
A35: TTN.LQI.OLT.A21.1.7.3_Cầu Lạc Quới 2 - VĨNH LỘC 3 | B35: 30 | C35: An Châu | D35: CTH021 | E35: S2-Trước trạm CTH021 | F35: S2-Quầy thuốc số 9 | G35: 105.3238 | H35: 10.362037 | I35: 105.32466 | J35: 10.363193 | K35: 300 | Q35: 1 | T35: Tuyến BTS CTH021 - Kênh Đứng | U35: 1 | V35: OK | W35: Sửa lại toạ độ S2-Quầy thuốc số 9
A36: TTN.LQI.OLT.A21.1.7.3_Cầu Lạc Quới 2 - VĨNH LỘC 3 | B36: 31 | C36: An Châu | D36: CTH021 | E36: S2-Quầy thuốc số 9 | F36: S2-Nhà nghỉ Tân Thành | G36: 105.32466 | H36: 10.363193 | I36: 105.32693 | J36: 10.365916 | K36: 300 | Q36: 1 | T36: Tuyến BTS CTH021 - Kênh Đứng | U36: 1 | V36: OK
A37: TTN.LQI.OLT.A21.1.7.3_Cầu Lạc Quới 2 - VĨNH LỘC 3 | B37: 32 | C37: An Châu | D37: CTH021 | E37: S2-Nhà nghỉ Tân Thành | F37: S2-Ngoài nhà nghỉ Tân Thành | G37: 105.32693 | H37: 10.365916 | I37: 105.32779 | J37: 10.366925 | K37: 280 | Q37: 1 | T37: Tuyến BTS CTH021 - Kênh Đứng | U37: 1 | V37: OK | W37: Sửa lại toạ độ S2-Ngoài nhà nghỉ Tân Thành
A38: TTN.LQI.OLT.A21.1.7.3_Cầu Lạc Quới 2 - VĨNH LỘC 3 | B38: 33 | C38: An Châu | D38: CTH021 | E38: S2-Ngoài nhà nghỉ Tân Thành | F38: S2-Cầu cống đá | G38: 105.32779 | H38: 10.366925 | I38: 105.33026 | J38: 10.36989 | K38: 370 | N38: 1 | Q38: 1 | T38: Tuyến BTS CTH021 - Kênh Đứng | U38: 1 | V38: OK
A39: TTN.LQI.OLT.A21.1.7.3_Cầu Lạc Quới 2 - VĨNH LỘC 3 | B39: 34 | C39: An Châu | D39: CTH021 | E39: S2-Cầu cống đá | F39: S2-Ngoài cầu cống đá | G39: 105.33026 | H39: 10.36989 | I39: 105.33093 | J39: 10.370727 | K39: 250 | Q39: 1 | T39: Tuyến BTS CTH021 - Kênh Đứng | U39: 1 | V39: OK | W39: Sửa toạ độ S2-Ngoài cầu cống đá
A40: TTN.LQI.OLT.A21.1.7.3_Cầu Lạc Quới 2 - VĨNH LỘC 3 | B40: 35 | C40: An Châu | D40: CTH021 | E40: S2-Ngoài cầu cống đá | F40: S2-Trong cầu Tân Thành 4 | G40: 105.33093 | H40: 10.370727 | I40: 105.33351 | J40: 10.373796 | K40: 200 | Q40: 1 | T40: Tuyến BTS CTH021 - Kênh Đứng | U40: 1 | V40: OK
A41: TTN.LQI.OLT.A21.1.7.3_Cầu Lạc Quới 2 - VĨNH LỘC 3 | B41: 36 | C41: An Châu | D41: CTH021 | E41: S2-Trong cầu Tân Thành 4 | F41: S2-Trong cầu 3 chùa | G41: 105.33351 | H41: 10.373796 | I41: 105.33533 | J41: 10.376045 | K41: 370 | Q41: 1 | T41: Tuyến BTS CTH021 - Kênh Đứng | U41: 1 | V41: OK
A42: TTN.LQI.OLT.A21.1.7.3_Cầu Lạc Quới 2 - VĨNH LỘC 3 | B42: 37 | C42: An Châu | D42: CTH021 | E42: S2-Trong cầu 3 chùa | F42: S2-Cầu Ba chùa | G42: 105.33533 | H42: 10.376045 | I42: 105.33622 | J42: 10.376983 | K42: 200 | N42: 1 | Q42: 1 | T42: Tuyến BTS CTH021 - Kênh Đứng | U42: 1 | V42: OK
A43: TTN.LQI.OLT.A21.1.7.3_Cầu Lạc Quới 2 - VĨNH LỘC 3 | B43: 38 | C43: An Châu | D43: CTH021 | E43: S2-Cầu Ba chùa | F43: S2-Ngoài cầu 3 chùa | G43: 105.33622 | H43: 10.376983 | I43: 105.33711 | J43: 10.378112 | K43: 220 | Q43: 1 | T43: Tuyến BTS CTH021 - Kênh Đứng | U43: 1 | V43: OK
A44: TTN.LQI.OLT.A21.1.7.3_Cầu Lạc Quới 2 - VĨNH LỘC 3 | B44: 39 | C44: An Châu | D44: CTH021 | E44: S2-Ngoài cầu 3 chùa | F44: S2-Nhà yến ngoài cầu 3 chùa | G44: 105.33711 | H44: 10.378112 | I44: 105.33833 | J44: 10.379648 | K44: 270 | Q44: 1 | T44: Tuyến BTS CTH021 - Kênh Đứng | U44: 1 | V44: OK
A45: ODF 6FO Sáu Chầu - S2-Sáu Chầu 8 | B45: 40 | C45: An Châu | D45: CTH021 | E45: S2-Nhà yến ngoài cầu 3 chùa | F45: S2-Trong cây xăng ngọc tuyền | G45: 105.33833 | H45: 10.379648 | I45: 105.34005 | J45: 10.3817 | K45: 350 | Q45: 1 | T45: Tuyến BTS CTH021 - Kênh Đứng | U45: 1 | V45: OK
A46: ODF 6FO Sáu Chầu - S2-Sáu Chầu 8 | B46: 41 | C46: An Châu | D46: CTH025 | E46: ODF 12FO CTH025 cầu Sáu Miên | F46: S2-Kế nhà chú Danh | G46: 105.3603 | H46: 10.36877 | I46: 105.3614 | J46: 10.36838 | K46: 300 | N46: 1 | Q46: 1 | R46: 1 | T46: Tuyến BTS CTH025 - Cầu Sáu Miên | U46: 1 | V46: OK
A47: ODF 6FO Sáu Chầu - S2-Sáu Chầu 8 | B47: 42 | C47: An Châu | D47: CTH025 | E47: S2-Kế nhà chú Danh | F47: S2-Ngoài nhà chú Danh | G47: 105.3614 | H47: 10.36838 | I47: 105.36313 | J47: 10.36771 | K47: 250 | Q47: 1 | T47: Tuyến BTS CTH025 - Cầu Sáu Miên | U47: 1 | V47: OK
A48: ODF 6FO Sáu Chầu - S2-Sáu Chầu 8 | B48: 43 | C48: An Châu | D48: CTH025 | E48: S2-Ngoài nhà chú Danh | F48: S2-Trước vượt sông | G48: 105.36313 | H48: 10.36771 | I48: 105.36614 | J48: 10.36585 | K48: 460 | Q48: 1 | T48: Tuyến BTS CTH025 - Cầu Sáu Miên | U48: 1 | V48: OK
A49: ODF 6FO Sáu Chầu - S2-Sáu Chầu 8 | B49: 44 | C49: An Châu | D49: CTH025 | E49: S2-Trước vượt sông | F49: S2-Bên sông đường trà suốt | G49: 105.36614 | H49: 10.36585 | I49: 105.36637 | J49: 10.366108 | K49: 250 | Q49: 1 | T49: Tuyến BTS CTH025 - Cầu Sáu Miên | U49: 1 | V49: OK
A50: ODF 6FO Sáu Chầu - S2-Sáu Chầu 8 | B50: 45 | C50: An Châu | D50: CTH025 | E50: S2-Bên sông đường trà suốt | F50: S2-Ngoài tạp hóa Út Mười | G50: 105.36637 | H50: 10.366108 | I50: 105.36704 | J50: 10.365243 | K50: 200 | N50: 1 | Q50: 1 | T50: Tuyến BTS CTH025 - Cầu Sáu Miên | U50: 1 | V50: OK
A51: ODF 6FO Sáu Chầu - S2-Sáu Chầu 8 | B51: 46 | C51: An Châu | D51: CTH025 | E51: S2-Ngoài tạp hóa Út Mười | F51: S2-Trong cầu cây | G51: 105.36704 | H51: 10.365243 | I51: 105.36755 | J51: 10.364299 | K51: 200 | Q51: 1 | T51: Tuyến BTS CTH025 - Cầu Sáu Miên | U51: 1 | V51: OK
A52: ODF 6FO Sáu Chầu - S2-Sáu Chầu 8 | B52: 47 | C52: An Châu | D52: CTH025 | E52: S2-Trong cầu cây | F52: S2-Ngoài cầu cây | G52: 105.36755 | H52: 10.364299 | I52: 105.36834 | J52: 10.364083 | K52: 190 | Q52: 1 | T52: Tuyến BTS CTH025 - Cầu Sáu Miên | U52: 1 | V52: OK
A53: 6FO hướng Vĩnh Hoà - S2-Trên cao tốc Kênh Ngang Huệ Đức | B53: 48 | C53: An Châu | D53: CTH025 | E53: S2-Ngoài cầu cây | F53: S2-Tủ trước vượt sông | G53: 105.36834 | H53: 10.364083 | I53: 105.3695 | J53: 10.363429 | K53: 220 | Q53: 1 | T53: Tuyến BTS CTH025 - Cầu Sáu Miên | U53: 1 | V53: OK
A54: 6FO hướng Vĩnh Hoà - S2-Trên cao tốc Kênh Ngang Huệ Đức | B54: 49 | C54: An Châu | D54: CTH025 | E54: S2-Tủ trước vượt sông | F54: S2-Gần cầu Trà Suốt | G54: 105.3695 | H54: 10.363429 | I54: 105.36998 | J54: 10.362537 | K54: 220 | N54: 1 | Q54: 1 | T54: Tuyến BTS CTH025 - Cầu Sáu Miên | U54: 1 | V54: OK
A55: 6FO hướng Vĩnh Hoà - S2-Trên cao tốc Kênh Ngang Huệ Đức | B55: 50 | C55: An Châu | D55: CTH025 | E55: S2-Gần cầu Trà Suốt | F55: S2-VTNN Trần Văn Giang | G55: 105.36998 | H55: 10.362537 | I55: 105.36962 | J55: 10.360619 | K55: 300 | Q55: 1 | T55: Tuyến BTS CTH025 - Cầu Sáu Miên | U55: 1 | V55: OK
A56: 6FO hướng Vĩnh Hoà - S2-Trên cao tốc Kênh Ngang Huệ Đức | B56: 51 | C56: An Châu | D56: CTH025 | E56: S2-VTNN Trần Văn Giang | F56: S2-Cầu Rạch Chùa | G56: 105.36962 | H56: 10.360619 | I56: 105.36923 | J56: 10.359465 | K56: 200 | Q56: 1 | T56: Tuyến BTS CTH025 - Cầu Sáu Miên | U56: 1 | V56: OK
A57: 6FO hướng Vĩnh Hoà - S2-Trên cao tốc Kênh Ngang Huệ Đức | B57: 52 | C57: An Châu | D57: CTH025 | E57: S2-Cầu Rạch Chùa | F57: S2-Tủ 1 vào kênh Rạch Chùa | G57: 105.36923 | H57: 10.359465 | I57: 105.36845 | J57: 10.35951 | K57: 180 | Q57: 1 | T57: Tuyến BTS CTH025 - Cầu Sáu Miên | U57: 1 | V57: OK
A58: 6FO hướng Vĩnh Hoà - S2-Trên cao tốc Kênh Ngang Huệ Đức | B58: 53 | C58: An Châu | D58: CTH025 | E58: S2-Tủ 1 vào kênh Rạch Chùa | F58: S2-Tủ 2 vào kênh Rạch Chùa | G58: 105.36845 | H58: 10.35951 | I58: 105.36737 | J58: 10.359727 | K58: 200 | N58: 1 | Q58: 1 | T58: Tuyến BTS CTH025 - Cầu Sáu Miên | U58: 1 | V58: OK
A59: 6FO hướng Vĩnh Hoà - S2-Trên cao tốc Kênh Ngang Huệ Đức | B59: 54 | C59: An Châu | D59: CTH025 | E59: S2-Tủ 2 vào kênh Rạch Chùa | F59: S2-Tủ 3 vào kênh Rạch Chùa | G59: 105.36737 | H59: 10.359727 | I59: 105.36608 | J59: 10.359573 | K59: 230 | Q59: 1 | T59: Tuyến BTS CTH025 - Cầu Sáu Miên | U59: 1 | V59: OK
A60: 6FO hướng Vĩnh Hoà - S2-Trên cao tốc Kênh Ngang Huệ Đức | B60: 55 | C60: An Châu | D60: CTH025 | E60: S2-Tủ 3 vào kênh Rạch Chùa | F60: S2-Tủ 4 vào kênh Rạch Chùa | G60: 105.36608 | H60: 10.359573 | I60: 105.36465 | J60: 10.35872 | K60: 250 | Q60: 1 | T60: Tuyến BTS CTH025 - Cầu Sáu Miên | U60: 1 | V60: OK
A61: 6FO hướng Vĩnh Hoà - S2-Trên cao tốc Kênh Ngang Huệ Đức | B61: 56 | C61: An Châu | D61: CTH025 | E61: S2-Cầu Rạch Chùa | F61: S2-Trà sữa Cherry | G61: 105.36923 | H61: 10.359465 | I61: 105.3689 | J61: 10.35694 | K61: 350 | Q61: 1 | T61: Tuyến BTS CTH025 - Cầu Sáu Miên | U61: 1 | V61: OK
A62: 6FO hướng Vĩnh Hoà - S2-Trên cao tốc Kênh Ngang Huệ Đức | B62: 57 | C62: An Châu | D62: CTH025 | E62: S2-Trà sữa Cherry | F62: S2-Cây xăng Vĩnh Thạnh Hưng | G62: 105.3689 | H62: 10.35694 | I62: 105.36807 | J62: 10.35592 | K62: 220 | N62: 1 | Q62: 1 | T62: Tuyến BTS CTH025 - Cầu Sáu Miên | U62: 1 | V62: OK
A63: 6FO hướng Vĩnh Hoà - S2-Trên cao tốc Kênh Ngang Huệ Đức | B63: 58 | C63: An Châu | D63: CTH025 | E63: S2-Cây xăng Vĩnh Thạnh Hưng | F63: S2-Trong cx Vĩnh Thạnh Trung | G63: 105.36807 | H63: 10.35592 | I63: 105.36674 | J63: 10.35458 | K63: 260 | Q63: 1 | T63: Tuyến BTS CTH025 - Cầu Sáu Miên | U63: 1 | V63: OK
A64: 6FO hướng Vĩnh Hoà - S2-Trên cao tốc Kênh Ngang Huệ Đức | B64: 59 | C64: An Châu | D64: CTH025 | E64: S2-Trong cx Vĩnh Thạnh Trung | F64: S2-Nhà yến Đông Bình Trạch | G64: 105.36674 | H64: 10.35458 | I64: 105.36552 | J64: 10.35404 | K64: 220 | Q64: 1 | T64: Tuyến BTS CTH025 - Cầu Sáu Miên | U64: 1 | V64: OK
A65: 6FO hướng Vĩnh Hoà - S2-Trên cao tốc Kênh Ngang Huệ Đức | B65: 60 | C65: An Châu | D65: CTH025 | E65: S2-Nhà yến Đông Bình Trạch | F65: S2-Trong nhà máy Nguyễn Dương | G65: 105.36552 | H65: 10.35404 | I65: 105.36412 | J65: 10.35347 | K65: 230 | Q65: 1 | T65: Tuyến BTS CTH025 - Cầu Sáu Miên | U65: 1 | V65: OK
A66: 6FO hướng Vĩnh Hoà - S2-Trên cao tốc Kênh Ngang Huệ Đức | B66: 61 | C66: An Châu | D66: CTH019 | E66: ODF 12F0 CTH019 Cầu Cái Nha | F66: S2-Cầu Ngã Cái | G66: 105.3075 | H66: 10.4014 | I66: 105.30627 | J66: 10.404501 | K66: 400 | N66: 1 | Q66: 1 | R66: 1 | T66: Tuyến BTS CTH019 - Cầu Cái Nha | U66: 1 | V66: OK
A67: 6FO hướng Vĩnh Hoà - S2-Trên cao tốc Kênh Ngang Huệ Đức | B67: 62 | C67: An Châu | D67: CTH019 | E67: S2-Cầu Ngã Cái | F67: S2-Trường cấp 2 VLI | G67: 105.30627 | H67: 10.404501 | I67: 105.30796 | J67: 10.405997 | K67: 370 | Q67: 1 | T67: Tuyến BTS CTH019 - Cầu Cái Nha | U67: 1 | V67: OK
A68: 6FO hướng Vĩnh Hoà - S2-Trên cao tốc Kênh Ngang Huệ Đức | B68: 63 | C68: An Châu | D68: CTH019 | E68: S2-Trường cấp 2 VLI | F68: S2-Ngoài shop sữa Anh Anh | G68: 105.30796 | H68: 10.405997 | I68: 105.31238 | J68: 10.406944 | K68: 570 | Q68: 1 | T68: Tuyến BTS CTH019 - Cầu Cái Nha | U68: 1 | V68: OK
A69: ODF 6F0 CTH019 hướng Vĩnh Thành - S2-Kênh Ba Mạnh | B69: 64 | C69: An Châu | D69: CTH019 | E69: S2-Ngoài shop sữa Anh Anh | F69: S2-Shop sữa Anh Anh | G69: 105.31238 | H69: 10.406944 | I69: 105.31375 | J69: 10.407433 | K69: 200 | Q69: 1 | T69: Tuyến BTS CTH019 - Cầu Cái Nha | U69: 1 | V69: OK
A70: ODF 6F0 CTH019 hướng Vĩnh Thành - S2-Kênh Ba Mạnh | B70: 65 | C70: An Châu | D70: CTH019 | E70: S2-Shop sữa Anh Anh | F70: S2-Ngoài cà phê ô Những | G70: 105.31375 | H70: 10.407433 | I70: 105.31564 | J70: 10.407646 | K70: 250 | N70: 1 | Q70: 1 | T70: Tuyến BTS CTH019 - Cầu Cái Nha | U70: 1 | V70: OK
A71: ODF 6F0 CTH019 hướng Vĩnh Thành - S2-Kênh Ba Mạnh | B71: 66 | C71: An Châu | D71: CTH019 | E71: S2-Ngoài cà phê ô Những | F71: S2-Cà phê Cherry | G71: 105.31564 | H71: 10.407646 | I71: 105.31763 | J71: 10.407628 | K71: 300 | Q71: 1 | T71: Tuyến BTS CTH019 - Cầu Cái Nha | U71: 1 | V71: OK
A72: ODF 6F0 CTH019 hướng Vĩnh Thành - S2-Kênh Ba Mạnh | B72: 67 | C72: An Châu | D72: CTH019 | E72: S2-Cà phê Cherry | F72: S2-Cổng Chào | G72: 105.31763 | H72: 10.407628 | I72: 105.32003 | J72: 10.408358 | K72: 300 | Q72: 1 | T72: Tuyến BTS CTH019 - Cầu Cái Nha | U72: 1 | V72: OK | W72: Sửa toạ độ S2-Cổng Chào
A73: ODF 6F0 CTH019 hướng Vĩnh Thành - S2-Kênh Ba Mạnh | B73: 68 | C73: An Châu | D73: CTH019 | E73: S2-Cổng Chào | F73: S2-Ngoài cổng chào | G73: 105.32003 | H73: 10.408358 | I73: 105.32115 | J73: 10.409185 | K73: 250 | Q73: 1 | T73: Tuyến BTS CTH019 - Cầu Cái Nha | U73: 1 | V73: OK
A74: ODF 6F0 CTH019 hướng Vĩnh Thành - S2-Kênh Ba Mạnh | B74: 69 | C74: An Châu | D74: CTH019 | E74: S2-Ngoài cổng chào | F74: S2-Trà sữa Bình Tea | G74: 105.32115 | H74: 10.409185 | I74: 105.32225 | J74: 10.410088 | K74: 200 | Q74: 1 | T74: Tuyến BTS CTH019 - Cầu Cái Nha | U74: 1 | V74: OK
A75: ODF 6F0 CTH019 hướng Vĩnh Thành - S2-Kênh Ba Mạnh | B75: 70 | C75: An Châu | D75: CTH019 | E75: S2-Trà sữa Bình Tea | F75: S2-Nail Kim Ngân | G75: 105.32225 | H75: 10.410088 | I75: 105.3227 | J75: 10.410433 | K75: 150 | N75: 1 | Q75: 1 | T75: Tuyến BTS CTH019 - Cầu Cái Nha | U75: 1 | V75: OK
A76: ODF 6F0 CTH019 hướng Vĩnh Thành - S2-Kênh Ba Mạnh | B76: 71 | C76: An Châu | D76: CTH019 | E76: S2-Nail Kim Ngân | F76: S2-Ngoài tiệm Nail Kim Ngân | G76: 105.3227 | H76: 10.410433 | I76: 105.32318 | J76: 10.410852 | K76: 150 | Q76: 1 | T76: Tuyến BTS CTH019 - Cầu Cái Nha | U76: 1 | V76: OK
A77: ODF 6F0 CTH019 hướng Vĩnh Thành - S2-Kênh Ba Mạnh | B77: 72 | C77: An Châu | D77: CTH019 | E77: S2-Ngoài tiệm Nail Kim Ngân | F77: S2-Trong cho thuê Ampli | G77: 105.32318 | H77: 10.410852 | I77: 105.32372 | J77: 10.411366 | K77: 150 | Q77: 1 | T77: Tuyến BTS CTH019 - Cầu Cái Nha | U77: 1 | V77: OK
A78: ODF 6F0 CTH019 hướng Vĩnh Thành - S2-Kênh Ba Mạnh | B78: 73 | C78: An Châu | D78: CTH019 | E78: S2-Trong cho thuê Ampli | F78: S2-Trong cầu Cái Nha | G78: 105.32372 | H78: 10.411366 | I78: 105.3248 | J78: 10.412962 | K78: 350 | Q78: 1 | T78: Tuyến BTS CTH019 - Cầu Cái Nha | U78: 1 | V78: OK
A79: PTN.PLG.OLT.ZT11.1.11.2_Đường ra số 5 - Phong 1_1 | B79: 74 | C79: An Châu | D79: CTH006M | E79: ODF 12FO Khúc Vô Thường | F79: Quán Khúc Vô Thường | G79: 105.39097 | H79: 10.44121 | I79: 105.39208 | J79: 10.440547 | K79: 200 | N79: 1 | Q79: 1 | R79: 1 | T79: Trạm CTH006 - hướng quá café Khúc Vô Thường | U79: 1 | V79: OK
A80: PTN.PLG.OLT.ZT11.1.11.2_Đường ra số 5 - Phong 1_1 | B80: 75 | C80: An Châu | D80: CTH006M | E80: Quán Khúc Vô Thường | F80: An Bình 4 | G80: 105.39208 | H80: 10.440547 | I80: 105.39271 | J80: 10.439893 | K80: 130 | Q80: 1 | T80: Trạm CTH006 - hướng quá café Khúc Vô Thường | U80: 1 | V80: OK
A81: PTN.PLG.OLT.ZT11.1.8.1_Kho Phước Thành - CX Khánh Phương | B81: 76 | C81: An Châu | D81: CTH006M | E81: An Bình 4 | F81: Tiệm sắt Lý Quốc | G81: 105.39271 | H81: 10.439893 | I81: 105.3934 | J81: 10.439106 | K81: 140 | Q81: 1 | T81: Trạm CTH006 - hướng quá café Khúc Vô Thường | U81: 1 | V81: OK
A82: PTN.PLG.OLT.ZT11.1.8.1_Kho Phước Thành - CX Khánh Phương | B82: 77 | C82: An Châu | D82: CTH006M | E82: Tiệm sắt Lý Quốc | F82: Camera số 1 | G82: 105.3934 | H82: 10.439106 | I82: 105.39416 | J82: 10.438351 | K82: 150 | Q82: 1 | T82: Trạm CTH006 - hướng quá café Khúc Vô Thường | U82: 1 | V82: OK
A83: PTN.PLG.OLT.ZT11.1.8.1_Kho Phước Thành - CX Khánh Phương | B83: 78 | C83: An Châu | D83: CTH006M | E83: Camera số 1 | F83: Shop Kim Huê | G83: 105.39416 | H83: 10.438351 | I83: 105.39519 | J83: 10.437386 | K83: 250 | N83: 1 | Q83: 1 | T83: Trạm CTH006 - hướng quá café Khúc Vô Thường | U83: 1 | V83: OK
A84: VT PHÚ THÀNH - Phong 24 | B84: 79 | C84: An Châu | D84: CTH006M | E84: An Bình 4 | F84: Hẻm Hai Hội 1 | G84: 105.39208 | H84: 10.440547 | I84: 105.39239 | J84: 10.439677 | K84: 80 | Q84: 1 | T84: Trạm CTH006 - hướng quá café Khúc Vô Thường | U84: 1 | V84: OK | W84: Sãn tuyến mới sang tủ cũ trên dây lẻ tại đây qua
A85: VT PHÚ THÀNH - Phong 24 | B85: 80 | C85: An Châu | D85: CTH006M | E85: Hẻm Hai Hội 1 | F85: Hẻm Hai Hội 2 | G85: 105.39236 | H85: 10.439695 | I85: 105.39212 | J85: 10.439422 | K85: 100 | Q85: 1 | T85: Trạm CTH006 - hướng quá café Khúc Vô Thường | U85: 1 | V85: OK
A86: VT PHÚ THÀNH - Phong 24 | B86: 81 | C86: An Châu | D86: CTH006M | E86: Hẻm Hai Hội 2 | F86: Hẻm Hai Hội 3 | G86: 105.39212 | H86: 10.439422 | I86: 105.39168 | J86: 10.439003 | K86: 80 | Q86: 1 | T86: Trạm CTH006 - hướng quá café Khúc Vô Thường | U86: 1 | V86: OK
A87: VT PHÚ THÀNH - Phong 24 | B87: 82 | C87: An Châu | D87: CTH006M | E87: Hẻm Hai Hội 3 | F87: Hẻm Hai Hội 4 | G87: 105.39168 | H87: 10.439003 | I87: 105.39134 | J87: 10.438715 | K87: 80 | N87: 1 | Q87: 1 | T87: Trạm CTH006 - hướng quá café Khúc Vô Thường | U87: 1 | V87: OK
A88: Nhà Trọ Tú Anh - Nhà Thị Hạnh | B88: 83 | C88: An Châu | D88: CTH006M | E88: Hẻm Hai Hội 4 | F88: Hẻm Hai Hội 5 | G88: 105.39134 | H88: 10.438715 | I88: 105.39065 | J88: 10.439245 | K88: 110 | Q88: 1 | T88: Trạm CTH006 - hướng quá café Khúc Vô Thường | U88: 1 | V88: OK
A89: Nhà Trọ Tú Anh - Nhà Thị Hạnh | B89: 84 | C89: An Châu | D89: CTH006M | E89: Hẻm Hai Hội 5 | F89: Hẻm Hai Hội 6 | G89: 105.39065 | H89: 10.439245 | I89: 105.39013 | J89: 10.439608 | K89: 100 | Q89: 1 | T89: Trạm CTH006 - hướng quá café Khúc Vô Thường | U89: 1 | V89: OK
A90: Nhà Trọ Tú Anh - Nhà Thị Hạnh | B90: 85 | C90: An Châu | D90: CTH006M | E90: Hẻm Hai Hội 4 | F90: Chị Nhàn bưu điện | G90: 105.39134 | H90: 10.438715 | I90: 105.39046 | J90: 10.438623 | K90: 160 | Q90: 1 | T90: Trạm CTH006 - hướng quá café Khúc Vô Thường | U90: 1 | V90: OK
A91: Nhà Trọ Tú Anh - Nhà Thị Hạnh | B91: 86 | C91: An Châu | D91: CTH006M | E91: Hẻm Hai Hội 4 | F91: Vườn hoa Tám Mẫn 1 | G91: 105.39134 | H91: 10.438715 | I91: 105.39069 | J91: 10.437997 | K91: 120 | N91: 1 | Q91: 1 | T91: Trạm CTH006 - hướng quá café Khúc Vô Thường | U91: 1 | V91: OK
A92: Nhà Trọ Tú Anh - Nhà Thị Hạnh | B92: 87 | C92: An Châu | D92: CTH006M | E92: Vườn hoa Tám Mẫn 1 | F92: Vườn hoa Tám Mẫn 2 | G92: 105.39069 | H92: 10.437997 | I92: 105.39001 | J92: 10.438657 | K92: 150 | Q92: 1 | T92: Trạm CTH006 - hướng quá café Khúc Vô Thường | U92: 1 | V92: OK

Sheet APU_OK
B1: VTAG - TỔNG HỢP NHU CẦU CÁP QUANG GPON 2026
B3: TỔNG CỘNG: | I3: TTVT AN PHÚ | K3: =SUMIF($C$6:$C$4265,"An Phú",K6:K4265) -> 17000 | L3: =SUMIF($C$6:$C$4265,"An Phú",L6:L4265) -> 0 | M3: =SUMIF($C$6:$C$4265,"An Phú",M6:M4265) -> 0 | N3: =SUMIF($C$6:$C$4265,"An Phú",N6:N4265) -> 23 | O3: =SUMIF($C$6:$C$4265,"An Phú",O6:O4265) -> 0 | P3: =SUMIF($C$6:$C$4265,"An Phú",P6:P4265) -> 0 | Q3: =SUMIF($C$6:$C$4265,"An Phú",Q6:Q4265) -> 86 | R3: =SUMIF($C$6:$C$4265,"An Phú",R6:R4265) -> 2
A4: TUYẾN TỔNG HỢP | B4: STT | C4: Đơn vị | D4: OLT | E4: ĐIỂM ĐẦU A | F4: ĐIỂM ĐẦU B | G4: Tọa độ A | I4: Tọa độ B | K4: Cáp quang 6FO(m) | L4: Cáp quang 12FO(m) | M4: Cáp quang 24FO(m) | N4: SP 1:4 | O4: SP 1: 8 (S1) | P4: SP 1: 8 (S2) | Q4: SP 1: 16 | R4: ODF | S4: Ghi chú | T4: Thông tin bên Biểu 3_MẠNg GPON | U4: Mức độ Ưu tiên từ 1-3 | V4: TTHT CHECK
G5: Long | H5: lat | I5: Long | J5: lat | K5: =SUBTOTAL(9,K6:K3841) -> 17000 | L5: =SUBTOTAL(9,L6:L3841) -> 0 | M5: =SUBTOTAL(9,M6:M3841) -> 0 | N5: =SUBTOTAL(9,N6:N3841) -> 23 | O5: =SUBTOTAL(9,O6:O3841) -> 0 | P5: =SUBTOTAL(9,P6:P3841) -> 0 | Q5: =SUBTOTAL(9,Q6:Q3841) -> 86 | R5: =SUBTOTAL(9,R6:R3841) -> 2 | V5: KẾT QUẢ | W5: LÍ DO
A6: Trạm CMO048 - Tuấn Bưu tá | B6: 1 | C6: An Phú | D6: APH004 | E6: Nhập trạm 004 | F6: Ấp Vĩnh Khánh | G6: 105.05751 | H6: 10.914693 | I6: 105.05746 | J6: 10.915060, | K6: 100 | R6: 1 | T6: Tuyến Búng Lớn - BBT | U6: 1 | V6: OK | W6: Bổ sung thêm tủ cho tuyến hiện tại
A7: Trạm CMO048 - Tuấn Bưu tá | B7: 2 | C7: An Phú | D7: APH004 | E7: Ấp Vĩnh Khánh | F7: Bàn bida | G7: 105.43069 | H7: 10.38002 | I7: 105.0582 | J7: 10.915259 | K7: 175 | Q7: 1 | T7: Tuyến Búng Lớn - BBT | U7: 1 | V7: OK | W7: Bổ sung thêm tủ cho tuyến hiện tại
A8: Trạm CMO048 - Tuấn Bưu tá | B8: 3 | C8: An Phú | D8: APH004 | E8: Bàn bida | F8: Nhà thầy tưởng | G8: 105.05821 | H8: 10.915285 | I8: 105.05821 | J8: 10.915285 | K8: 140 | Q8: 1 | T8: Tuyến Búng Lớn - BBT | U8: 1 | V8: OK | W8: Bổ sung thêm tủ cho tuyến hiện tại
A9: Cầu Kênh Xáng AB - Cầu Kênh Xáng AB 5 | B9: 4 | C9: An Phú | D9: APH004 | E9: Nhà thầy tưởng | F9: Nhà anh Thắng | G9: 105.05914 | H9: 10.915403 | I9: 105.05914 | J9: 10.915403 | K9: 200 | N9: 1 | Q9: 1 | T9: Tuyến Búng Lớn - BBT | U9: 1 | V9: OK | W9: Bổ sung thêm tủ cho tuyến hiện tại
A10: Cầu Kênh Xáng AB - Cầu Kênh Xáng AB 5 | B10: 5 | C10: An Phú | D10: APH004 | E10: Nhà anh Thắng | F10: Café Aysa | G10: 105.05977 | H10: 10.915165 | I10: 105.05977 | J10: 10.915165 | K10: 200 | Q10: 1 | T10: Tuyến Búng Lớn - BBT | U10: 1 | V10: OK | W10: Bổ sung thêm tủ cho tuyến hiện tại
A11: Cầu Kênh Xáng AB - Cầu Kênh Xáng AB 5 | B11: 6 | C11: An Phú | D11: APH004 | E11: Café Aysa | F11: VTNN CaLy | G11: 105.06123 | H11: 10.915522 | I11: 105.06123 | J11: 10.915522 | K11: 285 | Q11: 1 | T11: Tuyến Búng Lớn - BBT | U11: 1 | V11: OK | W11: Bổ sung thêm tủ cho tuyến hiện tại
A12: Cầu Kênh Xáng AB - Cầu Kênh Xáng AB 5 | B12: 7 | C12: An Phú | D12: APH004 | E12: VTNN CaLy | F12: Thánh Đường Lớn | G12: 105.06316 | H12: 10.915858 | I12: 105.06316 | J12: 10.915858 | K12: 180 | Q12: 1 | T12: Tuyến Búng Lớn - BBT | U12: 1 | V12: OK | W12: Bổ sung thêm tủ cho tuyến hiện tại
A13: Cầu Kênh Xáng AB - Cầu Kênh Xáng AB 5 | B13: 8 | C13: An Phú | D13: APH004 | E13: Thánh Đường Lớn | F13: Chùa Chăm BBT | G13: 105.06403 | H13: 10.915626 | I13: 105.06403 | J13: 10.915626 | K13: 220 | Q13: 1 | T13: Tuyến Búng Lớn - BBT | U13: 1 | V13: OK | W13: Bổ sung thêm tủ cho tuyến hiện tại
A14: TUYẾN MỚI ĐƠN VỊ NHU CẦU KHẨN CẤP THÊM | B14: 9 | C14: An Phú | D14: APH004 | E14: Chùa Chăm BBT | F14: Cổng Chào | G14: 105.06544 | H14: 10.915626 | I14: 105.06544 | J14: 10.915626 | K14: 120 | N14: 1 | Q14: 1 | T14: Tuyến Búng Lớn - BBT | U14: 1 | V14: OK | W14: Bổ sung thêm tủ cho tuyến hiện tại
A15: Cầu T7 - Kênh T7 | B15: 10 | C15: An Phú | D15: APH004 | E15: Cổng Chào | F15: Ấp 3 BBT | G15: 105.06544 | H15: 10.915626 | I15: 105.06544 | J15: 10.915626 | K15: 240 | Q15: 1 | T15: Tuyến Búng Lớn - BBT | U15: 1 | V15: OK | W15: Bổ sung thêm tủ cho tuyến hiện tại
A16: Dưới Bến Đò DT - PON Thị Đầy | B16: 11 | C16: An Phú | D16: APH004 | E16: Ấp 3 BBT | F16: Nhà anh Thơ | G16: 105.0695 | H16: 10.915386 | I16: 105.0695 | J16: 10.915386 | K16: 240 | Q16: 1 | T16: Tuyến Búng Lớn - BBT | U16: 1 | V16: OK | W16: Bổ sung thêm tủ cho tuyến hiện tại
A17: Dưới Bến Đò DT - PON Thị Đầy | B17: 12 | C17: An Phú | D17: APH004 | E17: Nhà anh Thơ | F17: Trạm APH034 | G17: 105.06544 | H17: 10.915626 | I17: 105.07094 | J17: 10.915921 | K17: 300 | Q17: 1 | T17: Tuyến Búng Lớn - BBT | U17: 1 | V17: OK | W17: Bổ sung thêm tủ cho tuyến hiện tại
A18: Dưới Bến Đò DT - PON Thị Đầy | B18: 13 | C18: An Phú | D18: APH004 | E18: Trạm APH034 | F18: Game Dũng | G18: 105.07094 | H18: 10.915921 | I18: 105.06544 | J18: 10.915626 | K18: 320 | Q18: 1 | T18: Tuyến Búng Lớn - BBT | U18: 1 | V18: OK | W18: Bổ sung thêm tủ cho tuyến hiện tại
A19: Dưới Bến Đò DT - PON Thị Đầy | B19: 14 | C19: An Phú | D19: APH004 | E19: Game Dũng | F19: Rửa xe Tài | G19: 105.06544 | H19: 10.915626 | I19: 105.0784 | J19: 10.919 | K19: 320 | N19: 1 | Q19: 1 | T19: Tuyến Búng Lớn - BBT | U19: 1 | V19: OK | W19: Bổ sung thêm tủ cho tuyến hiện tại
A20: Dưới Bến Đò DT - PON Thị Đầy | B20: 15 | C20: An Phú | D20: APH004 | E20: Rửa xe Tài | F20: Nhà Nghỉ Kiều Oanh | G20: 105.0784 | H20: 10.919 | I20: 105.083 | J20: 10.9208 | K20: 330 | Q20: 1 | T20: Tuyến Búng Lớn - BBT | U20: 1 | V20: OK | W20: Bổ sung thêm tủ cho tuyến hiện tại
A21: 007 - K7 Chủ Mỹ OLT - S2-007 - K7 Chủ Mỹ 8 CUỐI | B21: 16 | C21: An Phú | D21: APH014 | E21: Trường Mẫu Giáo | F21: Salon Mai Thảo | G21: 105.06722 | H21: 10.79412 | I21: 105.06687 | J21: 10.79368 | K21: 150 | Q21: 1 | T21: Bến đò Dung Thăng | U21: 1 | V21: OK | W21: Bổ sung thêm tủ cho tuyến hiện tại
A22: 007 - K7 Chủ Mỹ OLT - S2-007 - K7 Chủ Mỹ 8 CUỐI | B22: 17 | C22: An Phú | D22: APH014 | E22: Salon Mai Thảo | F22: KDC 1 | G22: 105.06687 | H22: 10.79368 | I22: 105.06712 | J22: 10.79415 | K22: 100 | N22: 1 | Q22: 1 | T22: Bến đò Dung Thăng | U22: 1 | V22: OK | W22: Bổ sung thêm tủ cho tuyến hiện tại
A23: Trạm Phú Vĩnh -Đường đất Phú Vĩnh 25 | B23: 18 | C23: An Phú | D23: APH014 | E23: KDC 1 | F23: KDC 2 | G23: 105.06712 | H23: 10.79415 | I23: 105.06761 | J23: 10.79525 | K23: 250 | Q23: 1 | T23: Bến đò Dung Thăng | U23: 1 | V23: OK | W23: Bổ sung thêm tủ cho tuyến hiện tại
A24: Trạm Phú Vĩnh -Đường đất Phú Vĩnh 25 | B24: 19 | C24: An Phú | D24: APH014 | E24: KDC 2 | F24: KDC 3 | G24: 105.06761 | H24: 10.79525 | I24: 105.06731 | J24: 10.79534 | K24: 150 | Q24: 1 | T24: Bến đò Dung Thăng | U24: 1 | V24: OK | W24: Bổ sung thêm tủ cho tuyến hiện tại
A25: Trạm Phú Vĩnh -Đường đất Phú Vĩnh 25 | B25: 20 | C25: An Phú | D25: APH014 | E25: Dưới Bến Đò DT | F25: Út Hiếu | G25: 105.06814 | H25: 10.78808 | I25: 105.06994 | J25: 10.78781 | K25: 200 | Q25: 1 | T25: Bến đò Dung Thăng | U25: 1 | V25: OK | W25: Bổ sung thêm tủ cho tuyến hiện tại
A26: Trạm Phú Vĩnh -Đường đất Phú Vĩnh 25 | B26: 21 | C26: An Phú | D26: APH014 | E26: Út Hiếu | F26: Nhà 875 | G26: 105.06994 | H26: 10.78781 | I26: 105.07094 | J26: 10.7879 | K26: 150 | N26: 1 | Q26: 1 | T26: Bến đò Dung Thăng | U26: 1 | V26: OK | W26: Bổ sung thêm tủ cho tuyến hiện tại
A27: Trạm Phú Vĩnh -Đường đất Phú Vĩnh 25 | B27: 22 | C27: An Phú | D27: APH014 | E27: Nhà 875 | F27: Nhà Yến | G27: 105.07094 | H27: 10.7879 | I27: 105.0731 | J27: 10.78837 | K27: 150 | Q27: 1 | T27: Bến đò Dung Thăng | U27: 1 | V27: OK | W27: Bổ sung thêm tủ cho tuyến hiện tại
A28: Trạm Phú Vĩnh -Đường đất Phú Vĩnh 25 | B28: 23 | C28: An Phú | D28: APH014 | E28: Nhà Yến | F28: Nhà Yến 2 | G28: 105.0731 | H28: 10.78837 | I28: 105.0734 | J28: 10.78858 | K28: 100 | Q28: 1 | T28: Bến đò Dung Thăng | U28: 1 | V28: OK | W28: Bổ sung thêm tủ cho tuyến hiện tại
A29: Trạm Phú Vĩnh -Đường đất Phú Vĩnh 25 | B29: 24 | C29: An Phú | D29: APH014 | E29: Nhà Yến 2 | F29: PON Văn Trọng | G29: 105.0734 | H29: 10.78858 | I29: 105.07513 | J29: 10.78913 | K29: 200 | Q29: 1 | T29: Bến đò Dung Thăng | U29: 1 | V29: OK | W29: Bổ sung thêm tủ cho tuyến hiện tại
A30: Trạm Phú Vĩnh -Đường đất Phú Vĩnh 25 | B30: 25 | C30: An Phú | D30: APH014 | E30: PON Văn Trọng | F30: Trên Ban Trị Sự | G30: 105.07513 | H30: 10.78913 | I30: 105.07666 | J30: 10.78957 | K30: 150 | N30: 1 | Q30: 1 | T30: Bến đò Dung Thăng | U30: 1 | V30: OK | W30: Bổ sung thêm tủ cho tuyến hiện tại
A31: Trạm Phú Vĩnh -Đường đất Phú Vĩnh 25 | B31: 26 | C31: An Phú | D31: APH014 | E31: Trên Ban Trị Sự | F31: Dưới Ban Trị Sự | G31: 105.07666 | H31: 10.78957 | I31: 105.07775 | J31: 10.78969 | K31: 150 | Q31: 1 | T31: Bến đò Dung Thăng | U31: 1 | V31: OK | W31: Bổ sung thêm tủ cho tuyến hiện tại
A32: Trạm Phú Vĩnh -Đường đất Phú Vĩnh 25 | B32: 27 | C32: An Phú | D32: APH014 | E32: Dưới Ban Trị Sự | F32: PON Văn Kháng | G32: 105.07775 | H32: 10.78969 | I32: 105.0805 | J32: 10.79064 | K32: 250 | Q32: 1 | T32: Bến đò Dung Thăng | U32: 1 | V32: OK | W32: Bổ sung thêm tủ cho tuyến hiện tại
A33: Trạm Phú Vĩnh -Đường đất Phú Vĩnh 25 | B33: 28 | C33: An Phú | D33: APH014 | E33: PON Văn Kháng | F33: PON Thị Đầy | G33: 105.0805 | H33: 10.79064 | I33: 105.08136 | J33: 10.79082 | K33: 150 | N33: 1 | Q33: 1 | T33: Bến đò Dung Thăng | U33: 1 | V33: OK | W33: Bổ sung thêm tủ cho tuyến hiện tại
A34: Trạm Phú Vĩnh -Đường đất Phú Vĩnh 25 | B34: 29 | C34: An Phú | D34: APH067 | E34: Đầu KDC kan | F34: Phế liệu | G34: 105.10915324 | H34: 10.95061633 | I34: 105.10851073 | J34: 10.95341289 | K34: 370 | N34: 1 | Q34: 1 | T34: KDC | U34: 1 | V34: OK | W34: Bổ sung thêm tủ cho tuyến hiện tại
A35: Trạm Phú Vĩnh -Đường đất Phú Vĩnh 25 | B35: 30 | C35: An Phú | D35: APH067 | E35: Phế liệu | F35: Vựa xoài Tuyền Tiến | G35: 105.10851073 | H35: 10.95341289 | I35: 105.10836813 | J35: 10.95369508 | K35: 60 | Q35: 1 | T35: KDC | U35: 1 | V35: OK | W35: Bổ sung thêm tủ cho tuyến hiện tại
A36: Trạm Phú Vĩnh -Đường đất Phú Vĩnh 25 | B36: 31 | C36: An Phú | D36: APH067 | E36: Vựa xoài Tuyền Tiến | F36: THCS Kan | G36: 105.10836813 | H36: 10.95369508 | I36: 105.10773281 | J36: 10.95503948 | K36: 200 | Q36: 1 | T36: KDC | U36: 1 | V36: OK | W36: Bổ sung thêm tủ cho tuyến hiện tại
A37: Trạm Phú Vĩnh -Đường đất Phú Vĩnh 25 | B37: 32 | C37: An Phú | D37: APH067 | E37: THCS Kan | F37: VP ấp An Khánh | G37: 105.10773281 | H37: 10.95503948 | I37: 105.10685349 | J37: 10.95620231 | K37: 200 | Q37: 1 | T37: KDC | U37: 1 | V37: OK | W37: Bổ sung thêm tủ cho tuyến hiện tại
A38: Trạm Phú Vĩnh -Đường đất Phú Vĩnh 25 | B38: 33 | C38: An Phú | D38: APH010 | E38: Tủ Hoàng Lĩnh | F38: Tủ Hai Hái | G38: 105.12721 | H38: 10.899763 | I38: 105.12691 | J38: 10.897951 | K38: 250 | Q38: 1 | T38: Tuyến dân cư Phú Lợi | U38: 1 | V38: OK | W38: Bổ sung thêm tủ cho tuyến hiện tại
A39: Trạm Phú Vĩnh -Đường đất Phú Vĩnh 25 | B39: 34 | C39: An Phú | D39: APH010 | E39: Tủ Hai Hái | F39: Tủ Chú Trẩm | G39: 105.12691 | H39: 10.897951 | I39: 105.12677 | J39: 10.896845 | K39: 200 | N39: 1 | Q39: 1 | T39: Tuyến dân cư Phú Lợi | U39: 1 | V39: OK | W39: Bổ sung thêm tủ cho tuyến hiện tại
A40: Trạm Phú Vĩnh -Đường đất Phú Vĩnh 25 | B40: 35 | C40: An Phú | D40: APH010 | E40: Tủ Chú Trẩm | F40: Tủ Thầy Bền | G40: 105.12677 | H40: 10.896845 | I40: 105.1267 | J40: 10.895562 | K40: 150 | Q40: 1 | T40: Tuyến dân cư Phú Lợi | U40: 1 | V40: OK | W40: Bổ sung thêm tủ cho tuyến hiện tại
A41: Trạm Phú Vĩnh -Đường đất Phú Vĩnh 25 | B41: 36 | C41: An Phú | D41: APH010 | E41: Tủ Thầy Bền | F41: Tủ Thuốc BVTV Tường Vy | G41: 105.1267 | H41: 10.895562 | I41: 105.1266 | J41: 10.895024 | K41: 150 | Q41: 1 | T41: Tuyến dân cư Phú Lợi | U41: 1 | V41: OK | W41: Bổ sung thêm tủ cho tuyến hiện tại
A42: Tủ 24FO Thắng Lợi 2 - Cây Xăng Hoà Bình 2 | B42: 37 | C42: An Phú | D42: APH027 | E42: Tủ A Đủ | F42: Tủ Đối Diện THCS VLC | G42: 105.10616 | H42: 10.856947 | I42: 105.10444 | J42: 10.856519 | K42: 250 | Q42: 1 | T42: Đập tràn Vĩnh Thạnh | U42: 1 | V42: OK | W42: Bổ sung thêm tủ cho tuyến hiện tại
A43: Tủ 24FO Thắng Lợi 2 - Cây Xăng Hoà Bình 2 | B43: 38 | C43: An Phú | D43: APH027 | E43: Tủ Đối Diện THCS VLC | F43: Tủ Trạm Mobi PT | G43: 105.10444 | H43: 10.856519 | I43: 105.10266 | J43: 10.85593 | K43: 200 | N43: 1 | Q43: 1 | T43: Đập tràn Vĩnh Thạnh | U43: 1 | V43: OK | W43: Bổ sung thêm tủ cho tuyến hiện tại
A44: Tủ 24FO Thắng Lợi 2 - Cây Xăng Hoà Bình 2 | B44: 39 | C44: An Phú | D44: APH027 | E44: Tủ Trạm Mobi PT | F44: Tủ HTóc Thùy Linh | G44: 105.10266 | H44: 10.85593 | I44: 105.10142 | J44: 10.857107 | K44: 350 | Q44: 1 | T44: Đập tràn Vĩnh Thạnh | U44: 1 | V44: OK | W44: Bổ sung thêm tủ cho tuyến hiện tại
A45: Tủ 24FO Thắng Lợi 2 - Cây Xăng Hoà Bình 2 | B45: 40 | C45: An Phú | D45: APH027 | E45: Tủ HTóc Thùy Linh | F45: Tủ Vườn Mai | G45: 105.10142 | H45: 10.857107 | I45: 105.10148 | J45: 10.857524 | K45: 200 | Q45: 1 | T45: Đập tràn Vĩnh Thạnh | U45: 1 | V45: OK | W45: Bổ sung thêm tủ cho tuyến hiện tại
B46: 41 | C46: An Phú | D46: APH067 | E46: trạm 067 | F46: trước trạm 067 | G46: 105.11491 | H46: 10.952539 | I46: 105.11523 | J46: 10.952553 | K46: 60 | N46: 1 | Q46: 1 | T46: Khánh An | U46: 1 | V46: OK | W46: Bổ sung thêm tủ cho tuyến hiện tại
B47: 42 | C47: An Phú | D47: APH067 | E47: trước trạm 067 | F47: dưới trạm 67 | G47: 105.11523 | H47: 10.952553 | I47: 105.1152 | J47: 10.95189 | K47: 80 | Q47: 1 | T47: Khánh An | U47: 1 | V47: OK | W47: Bổ sung thêm tủ cho tuyến hiện tại
B48: 43 | C48: An Phú | D48: APH067 | E48: dưới trạm 67 | F48: dưới trạm 67 2 | G48: 105.1152 | H48: 10.95189 | I48: 105.11502 | J48: 10.950092 | K48: 210 | Q48: 1 | T48: Khánh An | U48: 1 | V48: OK | W48: Bổ sung thêm tủ cho tuyến hiện tại
B49: 44 | C49: An Phú | D49: APH067 | E49: dưới trạm 67 2 | F49: vp an khánh | G49: 105.11502 | H49: 10.950092 | I49: 105.11491 | J49: 10.947528 | K49: 290 | Q49: 1 | T49: Khánh An | U49: 1 | V49: OK | W49: Bổ sung thêm tủ cho tuyến hiện tại
B50: 45 | C50: An Phú | D50: APH067 | E50: vp an khánh | F50: vp an khánh 2 | G50: 105.11491 | H50: 10.947528 | I50: 105.11491 | J50: 10.946814 | K50: 90 | N50: 1 | Q50: 1 | T50: Khánh An | U50: 1 | V50: OK | W50: Bổ sung thêm tủ cho tuyến hiện tại
B51: 46 | C51: An Phú | D51: APH067 | E51: vp an khánh 2 | F51: vp an khánh 3 | G51: 105.11491 | H51: 10.946814 | I51: 105.11455 | J51: 10.94459 | K51: 250 | Q51: 1 | T51: Khánh An | U51: 1 | V51: OK | W51: Bổ sung thêm tủ cho tuyến hiện tại
B52: 47 | C52: An Phú | D52: APH067 | E52: vp an khánh 3 | F52: dưới trạm 033 | G52: 105.11455 | H52: 10.94459 | I52: 105.11418 | J52: 10.943222 | K52: 170 | Q52: 1 | T52: Khánh An | U52: 1 | V52: OK | W52: Bổ sung thêm tủ cho tuyến hiện tại
B53: 48 | C53: An Phú | D53: APH067 | E53: dưới trạm 033 | F53: trạm nước kan | G53: 105.11418 | H53: 10.943222 | I53: 105.1137 | J53: 10.941958 | K53: 150 | Q53: 1 | T53: Khánh An | U53: 1 | V53: OK | W53: Bổ sung thêm tủ cho tuyến hiện tại
B54: 49 | C54: An Phú | D54: APH067 | E54: trạm nước kan | F54: trạm nước kan 1 | G54: 105.1137 | H54: 10.941958 | I54: 105.11276 | J54: 10.941771 | K54: 110 | N54: 1 | Q54: 1 | T54: Khánh An | U54: 1 | V54: OK | W54: Bổ sung thêm tủ cho tuyến hiện tại
B55: 50 | C55: An Phú | D55: APH067 | E55: trạm nước kan 1 | F55: trạm nước kan 2 | G55: 105.11276 | H55: 10.941771 | I55: 105.11179 | J55: 10.94172 | K55: 110 | Q55: 1 | T55: Khánh An | U55: 1 | V55: OK | W55: Bổ sung thêm tủ cho tuyến hiện tại
B56: 51 | C56: An Phú | D56: APH067 | E56: trạm nước kan 2 | F56: trạm nước kan 3 | G56: 105.11179 | H56: 10.94172 | I56: 105.11179 | J56: 10.94172 | K56: 70 | Q56: 1 | T56: Khánh An | U56: 1 | V56: OK | W56: Bổ sung thêm tủ cho tuyến hiện tại
B57: 52 | C57: An Phú | D57: APH067 | E57: trạm nước kan | F57: đường dưới cầu ván | G57: 105.1137 | H57: 10.941958 | I57: 105.11316 | J57: 10.940721 | K57: 170 | N57: 1 | Q57: 1 | T57: Khánh An | U57: 1 | V57: OK | W57: Bổ sung thêm tủ cho tuyến hiện tại
B58: 53 | C58: An Phú | D58: APH067 | E58: đường dưới cầu ván | F58: đường dưới cầu ván 1 | G58: 105.11316 | H58: 10.940721 | I58: 105.11288 | J58: 10.940035 | K58: 90 | Q58: 1 | T58: Khánh An | U58: 1 | V58: OK | W58: Bổ sung thêm tủ cho tuyến hiện tại
B59: 54 | C59: An Phú | D59: APH067 | E59: đường cầu ván 1 | F59: trên kho lời lợi | G59: 105.11288 | H59: 10.940035 | I59: 105.11153 | J59: 10.938202 | K59: 260 | Q59: 1 | T59: Khánh An | U59: 1 | V59: OK | W59: Bổ sung thêm tủ cho tuyến hiện tại
B60: 55 | C60: An Phú | D60: APH067 | E60: trên kho lời lợi | F60: trên bến đò 3 quành | G60: 105.11153 | H60: 10.938202 | I60: 105.10926 | J60: 10.935734 | K60: 370 | Q60: 1 | T60: Khánh An | U60: 1 | V60: OK | W60: Bổ sung thêm tủ cho tuyến hiện tại
B61: 56 | C61: An Phú | D61: APH067 | E61: trên bến đò 3 quành | F61: trại mộc tẻo | G61: 105.10926 | H61: 10.935734 | I61: 105.10806 | J61: 10.934781 | K61: 170 | N61: 1 | Q61: 1 | T61: Khánh An | U61: 1 | V61: OK | W61: Bổ sung thêm tủ cho tuyến hiện tại
B62: 57 | C62: An Phú | D62: APH067 | E62: trại mộc tỏe | F62: nhà ông 4 to | G62: 105.10806 | H62: 10.934781 | I62: 105.10625 | J62: 10.933262 | K62: 280 | Q62: 1 | T62: Khánh An | U62: 1 | V62: OK | W62: Bổ sung thêm tủ cho tuyến hiện tại
B63: 58 | C63: An Phú | D63: APH067 | E63: nhà ông 4 to | F63: nhà ông 4 to 1 | G63: 105.10625 | H63: 10.933262 | I63: 105.10487 | J63: 10.932535 | K63: 170 | Q63: 1 | T63: Khánh An | U63: 1 | V63: OK | W63: Bổ sung thêm tủ cho tuyến hiện tại
B64: 59 | C64: An Phú | D64: APH067 | E64: nhà ông 4 to 1 | F64: trên út cốc | G64: 105.10487 | H64: 10.932535 | I64: 105.10328 | J64: 10.931576 | K64: 210 | Q64: 1 | T64: Khánh An | U64: 1 | V64: OK | W64: Bổ sung thêm tủ cho tuyến hiện tại
B65: 60 | C65: An Phú | D65: APH067 | E65: trên út cốc | F65: ngang út cốc | G65: 105.10328 | H65: 10.931576 | I65: 105.10237 | J65: 10.931074 | K65: 120 | N65: 1 | Q65: 1 | T65: Khánh An | U65: 1 | V65: OK | W65: Bổ sung thêm tủ cho tuyến hiện tại
B66: 61 | C66: An Phú | D66: APH067 | E66: ngang út cốc | F66: tiệm may ngọc dung | G66: 105.10237 | H66: 10.931074 | I66: 105.1011 | J66: 10.930377 | K66: 170 | Q66: 1 | T66: Khánh An | U66: 1 | V66: OK | W66: Bổ sung thêm tủ cho tuyến hiện tại
B67: 62 | C67: An Phú | D67: APH067 | E67: tiệm may ngọc dung | F67: tiệm may ngọc dung 1 | G67: 105.1011 | H67: 10.930377 | I67: 105.09976 | J67: 10.929947 | K67: 170 | Q67: 1 | T67: Khánh An | U67: 1 | V67: OK | W67: Bổ sung thêm tủ cho tuyến hiện tại
B68: 63 | C68: An Phú | D68: APH067 | E68: tiệm may ngọc dung 1 | F68: đường mé sông thạnh phú | G68: 105.09976 | H68: 10.929947 | I68: 105.09767 | J68: 10.929307 | K68: 250 | Q68: 1 | T68: Khánh An | U68: 1 | V68: OK | W68: Bổ sung thêm tủ cho tuyến hiện tại
B69: 64 | C69: An Phú | D69: APH067 | E69: đường mé sông thạnh phú | F69: kho xoài kim chi | G69: 105.09767 | H69: 10.929307 | I69: 105.09767 | J69: 10.929903 | K69: 220 | N69: 1 | Q69: 1 | T69: Khánh An | U69: 1 | V69: OK | W69: Bổ sung thêm tủ cho tuyến hiện tại
B70: 65 | C70: An Phú | D70: APH067 | E70: kho xoài kim chi | F70: kho xoài kim chi 1 | G70: 105.09767 | H70: 10.929903 | I70: 105.09833 | J70: 10.930476 | K70: 110 | Q70: 1 | T70: Khánh An | U70: 1 | V70: OK | W70: Bổ sung thêm tủ cho tuyến hiện tại
B71: 66 | C71: An Phú | D71: APH067 | E71: kho xoài kim chi 1 | F71: kho xoài kim chi 2 | G71: 105.09833 | H71: 10.930476 | I71: 105.09888 | J71: 10.931011 | K71: 100 | Q71: 1 | T71: Khánh An | U71: 1 | V71: OK | W71: Bổ sung thêm tủ cho tuyến hiện tại
B72: 67 | C72: An Phú | D72: APH023 | E72: Nhà Thờ KBH | F72: cửa nhôm lộc phát | G72: 105.08069 | H72: 10.933617 | I72: 105.08091 | J72: 10.93485 | K72: 250 | N72: 1 | Q72: 1 | T72: Cửa khẩu Long Bình | U72: 1 | V72: OK | W72: Bổ sung thêm tủ cho tuyến hiện tại
B73: 68 | C73: An Phú | D73: APH023 | E73: cửa nhôm Lộc Phát | F73: Thanh Tâm Sa Tô | G73: 105.08091 | H73: 10.93485 | I73: 105.08119 | J73: 10.936477 | K73: 200 | Q73: 1 | T73: Cửa khẩu Long Bình | U73: 1 | V73: OK | W73: Bổ sung thêm tủ cho tuyến hiện tại
B74: 69 | C74: An Phú | D74: APH023 | E74: Thanh Tâm Sa Tô | F74: Tôn Hai Dân Lbh | G74: 105.08119 | H74: 10.936477 | I74: 105.08138 | J74: 10.938145 | K74: 200 | Q74: 1 | T74: Cửa khẩu Long Bình | U74: 1 | V74: OK | W74: Bổ sung thêm tủ cho tuyến hiện tại
B75: 70 | C75: An Phú | D75: APH023 | E75: Tôn Hai Dân Lbh | F75: vựa muối Quốc Trung | G75: 105.08138 | H75: 10.938145 | I75: 105.08147 | J75: 10.939853 | K75: 200 | Q75: 1 | T75: Cửa khẩu Long Bình | U75: 1 | V75: OK | W75: Bổ sung thêm tủ cho tuyến hiện tại
B76: 71 | C76: An Phú | D76: APH023 | E76: vựa muối Quốc Trung | F76: Trung Cang lbh | G76: 105.08147 | H76: 10.939853 | I76: 105.08164 | J76: 10.941212 | K76: 200 | N76: 1 | Q76: 1 | T76: Cửa khẩu Long Bình | U76: 1 | V76: OK | W76: Bổ sung thêm tủ cho tuyến hiện tại
B77: 72 | C77: An Phú | D77: APH023 | E77: Trung Cang lbh | F77: Phát Tôm Lbh | G77: 105.08164 | H77: 10.941212 | I77: 105.08165 | J77: 10.942195 | K77: 200 | Q77: 1 | T77: Cửa khẩu Long Bình | U77: 1 | V77: OK | W77: Bổ sung thêm tủ cho tuyến hiện tại
B78: 73 | C78: An Phú | D78: APH023 | E78: Phát Tôm Lbh | F78: CỬA KHẨU KHÁNH BÌNH | G78: 105.08165 | H78: 10.942195 | I78: 105.08371 | J78: 10.943421 | K78: 400 | Q78: 1 | T78: Cửa khẩu Long Bình | U78: 1 | V78: OK | W78: Bổ sung thêm tủ cho tuyến hiện tại
B79: 74 | C79: An Phú | D79: APH023 | E79: Đường Sa Tô 4 | F79: Đường Bào Nay 1 | G79: 105.09271 | H79: 10.929045 | I79: 105.09141 | J79: 10.929366 | K79: 200 | Q79: 1 | T79: VP Ấp Búng Nhỏ - Bàu Nai | U79: 1 | V79: OK | W79: Bổ sung thêm tủ cho tuyến hiện tại
B80: 75 | C80: An Phú | D80: APH023 | E80: Đường Bào Nay 1 | F80: Đường Bào Nay 2 | G80: 105.09141 | H80: 10.929366 | I80: 105.09015 | J80: 10.929138 | K80: 200 | N80: 1 | Q80: 1 | T80: VP Ấp Búng Nhỏ - Bàu Nai | U80: 1 | V80: OK | W80: Bổ sung thêm tủ cho tuyến hiện tại
B81: 76 | C81: An Phú | D81: APH023 | E81: Đường Bào Nay 2 | F81: Đường Bào Nay 3 | G81: 105.09015 | H81: 10.929138 | I81: 105.08885 | J81: 10.928895 | K81: 200 | Q81: 1 | T81: VP Ấp Búng Nhỏ - Bàu Nai | U81: 1 | V81: OK | W81: Bổ sung thêm tủ cho tuyến hiện tại
B82: 77 | C82: An Phú | D82: APH023 | E82: Đường Bào Nay 3 | F82: Đường Bào Nay 4 | G82: 105.08885 | H82: 10.928895 | I82: 105.08719 | J82: 10.928489 | K82: 200 | Q82: 1 | T82: VP Ấp Búng Nhỏ - Bàu Nai | U82: 1 | V82: OK | W82: Bổ sung thêm tủ cho tuyến hiện tại
B83: 78 | C83: An Phú | D83: APH023 | E83: Đường Bào Nay 4 | F83: Đường Bào Nay 5 | G83: 105.08719 | H83: 10.928489 | I83: 105.08375 | J83: 10.9278 | K83: 200 | Q83: 1 | T83: VP Ấp Búng Nhỏ - Bàu Nai | U83: 1 | V83: OK | W83: Bổ sung thêm tủ cho tuyến hiện tại
B84: 79 | C84: An Phú | D84: APH023 | E84: Đường Bào Nay 5 | F84: Đường Bào Nay 6 | G84: 105.08375 | H84: 10.9278 | I84: 105.08192 | J84: 10.927588 | K84: 200 | N84: 1 | Q84: 1 | T84: VP Ấp Búng Nhỏ - Bàu Nai | U84: 1 | V84: OK | W84: Bổ sung thêm tủ cho tuyến hiện tại
B85: 80 | C85: An Phú | D85: APH013 | E85: ODF 013M | F85: Vĩnh thuấn Tủ 1 | G85: 105117144 | H85: 10801513 | I85: 105115338 | J85: 10801988 | K85: 150 | N85: 1 | Q85: 1 | R85: 1 | T85: Vĩnh Thuấn | U85: 1 | V85: OK | W85: Bổ sung thêm tủ cho tuyến hiện tại
B86: 81 | C86: An Phú | D86: APH014 | E86: Vĩnh Thuấn Tủ 1 | F86: Vĩnh thuấn Tủ 2 | G86: 105115338 | H86: 10801988 | I86: 105115817 | J86: 10803764 | K86: 300 | N86: 0 | Q86: 1 | T86: Vĩnh Thuấn | U86: 1 | V86: OK | W86: Bổ sung thêm tủ cho tuyến hiện tại
B87: 82 | C87: An Phú | D87: APH015 | E87: Vĩnh Thuấn Tủ 2 | F87: Vĩnh Thuấn Tủ 3 | G87: 105115817 | H87: 10803764 | I87: 105118572 | J87: 10805546 | K87: 250 | N87: 0 | Q87: 1 | T87: Vĩnh Thuấn | U87: 1 | V87: OK | W87: Bổ sung thêm tủ cho tuyến hiện tại
B88: 83 | C88: An Phú | D88: APH016 | E88: Vĩnh Thuấn Tủ 3 | F88: Vượt Kênh Vĩnh Hưng Tủ 4 | G88: 105118572 | H88: 10805546 | I88: 105118678 | J88: 10805964 | K88: 200 | N88: 0 | Q88: 1 | T88: Vĩnh Thuấn | U88: 1 | V88: OK | W88: Bổ sung thêm tủ cho tuyến hiện tại
B89: 84 | C89: An Phú | D89: APH017 | E89: Vượt Kênh Vĩnh Hưng Tủ 4 | F89: Vinh Hưng Tủ 5 | G89: 105118678 | H89: 10805964 | I89: 105119869 | J89: 10806726 | K89: 200 | N89: 1 | Q89: 1 | T89: Vĩnh Thuấn | U89: 1 | V89: OK | W89: Bổ sung thêm tủ cho tuyến hiện tại
B90: 85 | C90: An Phú | D90: APH018 | E90: Vinh Hưng Tủ 5 | F90: Vĩnh Hưng Tủ 6 | G90: 105119869 | H90: 10806726 | I90: 105120460 | J90: 10807100 | K90: 200 | N90: 0 | Q90: 1 | T90: Vĩnh Thuấn | U90: 1 | V90: OK | W90: Bổ sung thêm tủ cho tuyến hiện tại
B91: 86 | C91: An Phú | D91: APH019 | E91: Vượt Kênh Vĩnh Hưng Tủ 4 | F91: Vĩnh Hưng Tủ 7 | G91: 105118678 | H91: 10805964 | I91: 105117982 | J91: 10805591 | K91: 150 | N91: 0 | Q91: 1 | T91: Vĩnh Thuấn | U91: 1 | V91: OK | W91: Bổ sung thêm tủ cho tuyến hiện tại
B92: 87 | C92: An Phú | D92: APH020 | E92: Vĩnh Hưng Tủ 7 | F92: Vĩnh Hưng Tủ 8 | G92: 105117982 | H92: 10805591 | I92: 105116748 | J92: 10804798 | K92: 150 | N92: 0 | Q92: 1 | T92: Vĩnh Thuấn | U92: 1 | V92: OK | W92: Bổ sung thêm tủ cho tuyến hiện tại

Sheet CĐC_OK
B1: VTAG - TỔNG HỢP NHU CẦU CÁP QUANG GPON 2026
B3: TỔNG CỘNG: | I3: TTVT CHÂU ĐỐC | K3: =SUMIF($C$6:$C$4281,"Châu Đốc",K6:K4280) -> 12000 | L3: =SUMIF($C$6:$C$4281,"Châu Đốc",L6:L4280) -> 0 | M3: =SUMIF($C$6:$C$4281,"Châu Đốc",M6:M4280) -> 0 | N3: =SUMIF($C$6:$C$4281,"Châu Đốc",N6:N4280) -> 16 | O3: =SUMIF($C$6:$C$4281,"Châu Đốc",O6:O4280) -> 0 | P3: =SUMIF($C$6:$C$4281,"Châu Đốc",P6:P4280) -> 0 | Q3: =SUMIF($C$6:$C$4281,"Châu Đốc",Q6:Q4280) -> 60 | R3: =SUMIF($C$6:$C$4281,"Châu Đốc",R6:R4280) -> 4
A4: TUYẾN TỔNG HỢP | B4: STT | C4: Đơn vị | D4: OLT | E4: ĐIỂM ĐẦU A | F4: ĐIỂM ĐẦU B | G4: Tọa độ A | I4: Tọa độ B | K4: Cáp quang 6FO(m) | L4: Cáp quang 12FO(m) | M4: Cáp quang 24FO(m) | N4: SP 1:4 | O4: SP 1: 8 (S1) | P4: SP 1: 8 (S2) | Q4: SP 1: 16 | R4: ODF | S4: Ghi chú | T4: Thông tin bên Biểu 3_MẠNg GPON | U4: Mức độ Ưu tiên từ 1-3 | V4: TTHT CHECK
G5: Long | H5: lat | I5: Long | J5: lat | K5: =SUBTOTAL(9,K6:K3933) -> 12000 | L5: =SUBTOTAL(9,L6:L3933) -> 0 | M5: =SUBTOTAL(9,M6:M3933) -> 0 | N5: =SUBTOTAL(9,N6:N3933) -> 16 | O5: =SUBTOTAL(9,O6:O3933) -> 0 | P5: =SUBTOTAL(9,P6:P3933) -> 0 | Q5: =SUBTOTAL(9,Q6:Q3933) -> 60 | R5: =SUBTOTAL(9,R6:R3933) -> 4 | V5: KẾT QUẢ | W5: LÍ DO
A6: KDC nvc - KDC NVC 2 | B6: 1 | C6: Châu Đốc | D6: Trạm Mỹ An | E6: trạm Mỹ An | F6: cách trạm Mỹ An 100m | G6: 105.13025 | H6: 10.681279 | I6: 105.13059 | J6: 10.6808 | K6: 150 | Q6: 1 | R6: 1 | T6: Tuyến Kênh 1 Mỹ Hòa | U6: 1 | V6: OK | W6: Thêm tủ vào giữa hạ tầng hiện hữu
A7: UBND XA CÔ TÔ - NGUYỄN THỊ SÁNG | B7: 2 | C7: Châu Đốc | D7: Trạm Mỹ An | E7: cách trạm Mỹ An 100m | F7: Xéo quán nhậu thảo lê | G7: 105.13059 | H7: 10.6808 | I7: 105.13172 | J7: 10.679643 | K7: 200 | N7: 1 | Q7: 1 | T7: Tuyến Kênh 1 Mỹ Hòa | U7: 1 | V7: OK | W7: Thêm tủ vào giữa hạ tầng hiện hữu
A8: UBND XA CÔ TÔ - NGUYỄN THỊ SÁNG | B8: 3 | C8: Châu Đốc | D8: Trạm Mỹ An | E8: Xéo quán nhậu thảo lê | F8: ngã 3 ra trạm 036 | G8: 105.13172 | H8: 10.679643 | I8: 105.13287 | J8: 10.678466 | K8: 200 | Q8: 1 | T8: Tuyến Kênh 1 Mỹ Hòa | U8: 1 | V8: OK | W8: Thêm tủ vào giữa hạ tầng hiện hữu
A9: UBND XA CÔ TÔ - NGUYỄN THỊ SÁNG | B9: 4 | C9: Châu Đốc | D9: Trạm Mỹ An | E9: ngã 3 ra trạm 036 | F9: xéo sửa xe Hoàng Phú | G9: 105.13287 | H9: 10.678466 | I9: 105.1337 | J9: 10.677602 | K9: 150 | Q9: 1 | T9: Tuyến Kênh 1 Mỹ Hòa | U9: 1 | V9: OK | W9: Thêm tủ vào giữa hạ tầng hiện hữu
A10: UBND XA CÔ TÔ - NGUYỄN THỊ SÁNG | B10: 5 | C10: Châu Đốc | D10: Trạm Mỹ An | E10: xéo sửa xe Hoàng Phú | F10: Vườn sen nốc nhà xanh | G10: 105.1337 | H10: 10.677602 | I10: 105.13513 | J10: 10.676124 | K10: 250 | Q10: 1 | T10: Tuyến Kênh 1 Mỹ Hòa | U10: 1 | V10: OK | W10: Thêm tủ vào giữa hạ tầng hiện hữu
A11: UBND XA CÔ TÔ - NGUYỄN THỊ SÁNG | B11: 6 | C11: Châu Đốc | D11: Trạm Mỹ An | E11: Vườn sen nốc nhà xanh | F11: Hầm cá mỹ an | G11: 105.13513 | H11: 10.676124 | I11: 105.13631 | J11: 10.674994 | K11: 200 | N11: 1 | Q11: 1 | T11: Tuyến Kênh 1 Mỹ Hòa | U11: 1 | V11: OK | W11: Thêm tủ vào giữa hạ tầng hiện hữu
A12: UBND XA CÔ TÔ - NGUYỄN THỊ SÁNG | B12: 7 | C12: Châu Đốc | D12: Trạm Mỹ An | E12: Hầm cá mỹ an | F12: gần cua mỹ an - mỹ hòa | G12: 105.13631 | H12: 10.674994 | I12: 105.13795 | J12: 10.673202 | K12: 200 | Q12: 1 | T12: Tuyến Kênh 1 Mỹ Hòa | U12: 1 | V12: OK | W12: Thêm tủ vào giữa hạ tầng hiện hữu
A13: UBND XA CÔ TÔ - NGUYỄN THỊ SÁNG | B13: 8 | C13: Châu Đốc | D13: Trạm Mỹ An | E13: gần cua mỹ an - mỹ hòa | F13: VTNN Tư Hồng | G13: 105.13795 | H13: 10.673202 | I13: 105.13751 | J13: 10.671537 | K13: 300 | Q13: 1 | T13: Tuyến Kênh 1 Mỹ Hòa | U13: 1 | V13: OK | W13: Thêm tủ vào giữa hạ tầng hiện hữu
A14: UBND XA CÔ TÔ - NGUYỄN THỊ SÁNG | B14: 9 | C14: Châu Đốc | D14: Trạm Mỹ An | E14: VTNN Tư Hồng | F14: băng sông kênh 2 | G14: 105.13751 | H14: 10.671537 | I14: 105.13756 | J14: 10.67084 | K14: 200 | Q14: 1 | T14: Tuyến trạm Bơm Kênh 2 Mỹ Đức | U14: 1 | V14: OK | W14: Thêm tủ vào giữa hạ tầng hiện hữu
A15: UBND XA CÔ TÔ - NGUYỄN THỊ SÁNG | B15: 10 | C15: Châu Đốc | D15: Trạm Mỹ An | E15: băng sông kênh 2 | F15: ĐD KDC Mỹ An bờ mỹ đức | G15: 105.13756 | H15: 10.67084 | I15: 105.13871 | J15: 10.672108 | K15: 200 | N15: 1 | Q15: 1 | T15: Tuyến trạm Bơm Kênh 2 Mỹ Đức | U15: 1 | V15: OK | W15: Thêm tủ vào giữa hạ tầng hiện hữu
A16: TTO021 - TÂM SỬA XE HÀN TIỆN | B16: 11 | C16: Châu Đốc | D16: Trạm Mỹ An | E16: băng sông kênh 2 | F16: băng sông quẹo phải 400m | G16: 105.13756 | H16: 10.67084 | I16: 105.13505 | J16: 10.668359 | K16: 400 | Q16: 1 | T16: Tuyến trạm Bơm Kênh 2 Mỹ Đức | U16: 1 | V16: OK | W16: Thêm tủ vào giữa hạ tầng hiện hữu
A17: TTO021 - TÂM SỬA XE HÀN TIỆN | B17: 12 | C17: Châu Đốc | D17: Trạm Mỹ An | E17: băng sông quẹo phải 400m | F17: hồ bao da phước | G17: 105.13505 | H17: 10.668359 | I17: 105.13398 | J17: 10.66728 | K17: 200 | Q17: 1 | T17: Tuyến trạm Bơm Kênh 2 Mỹ Đức | U17: 1 | V17: OK | W17: Thêm tủ vào giữa hạ tầng hiện hữu
A18: TTO021 - TÂM SỬA XE HÀN TIỆN | B18: 13 | C18: Châu Đốc | D18: Trạm Mỹ An | E18: hồ bao da phước | F18: xéo câu lạc bộ Friendly | G18: 105.13398 | H18: 10.66728 | I18: 105.13311 | J18: 10.666398 | K18: 150 | Q18: 1 | T18: Tuyến trạm Bơm Kênh 2 Mỹ Đức | U18: 1 | V18: OK | W18: Thêm tủ vào giữa hạ tầng hiện hữu
A19: TTO021 - TÂM SỬA XE HÀN TIỆN | B19: 14 | C19: Châu Đốc | D19: Trạm Mỹ An | E19: xéo câu lạc bộ Friendly | F19: xéo trạm 008 hướng kênh đào | G19: 105.13311 | H19: 10.666398 | I19: 105.13079 | J19: 10.663987 | K19: 400 | N19: 1 | Q19: 1 | T19: Tuyến trạm Bơm Kênh 2 Mỹ Đức | U19: 1 | V19: OK | W19: Thêm tủ vào giữa hạ tầng hiện hữu
A20: TTO021 - TÂM SỬA XE HÀN TIỆN | B20: 15 | C20: Châu Đốc | D20: Trạm Mỹ An | E20: xéo trạm 008 hướng kênh đào | F20: xéo trạm 008 hướng kênh 4 | G20: 105.13079 | H20: 10.663987 | I20: 105.12968 | J20: 10.66291 | K20: 200 | Q20: 1 | T20: Tuyến trạm Bơm Kênh 2 Mỹ Đức | U20: 1 | V20: OK | W20: Thêm tủ vào giữa hạ tầng hiện hữu
A21: TTO021 - TÂM SỬA XE HÀN TIỆN | B21: 16 | C21: Châu Đốc | D21: Trạm Mỹ An | E21: xéo trạm 008 hướng kênh 4 | F21: tr Tiểu Học D Mỹ Đức | G21: 105.12968 | H21: 10.66291 | I21: 105.12847 | J21: 10.661688 | K21: 200 | Q21: 1 | T21: Tuyến trạm Bơm Kênh 2 Mỹ Đức | U21: 1 | V21: OK | W21: Thêm tủ vào giữa hạ tầng hiện hữu
A22: TTO021 - TÂM SỬA XE HÀN TIỆN | B22: 17 | C22: Châu Đốc | D22: Trạm Mỹ An | E22: tr Tiểu Học D Mỹ Đức | F22: VTNN Hòa Hưng | G22: 105.12847 | H22: 10.661688 | I22: 105.12729 | J22: 10.660558 | K22: 200 | Q22: 1 | T22: Tuyến trạm Bơm Kênh 2 Mỹ Đức | U22: 1 | V22: OK | W22: Thêm tủ vào giữa hạ tầng hiện hữu
A23: TTO021 - TÂM SỬA XE HÀN TIỆN | B23: 18 | C23: Châu Đốc | D23: Trạm Mỹ An | E23: VTNN Hòa Hưng | F23: VTNN Hòa Hưng vào 200m | G23: 105.12729 | H23: 10.660558 | I23: 105.12624 | J23: 10.659429 | K23: 200 | N23: 1 | Q23: 1 | T23: Tuyến trạm Bơm Kênh 2 Mỹ Đức | U23: 1 | V23: OK | W23: Thêm tủ vào giữa hạ tầng hiện hữu
A24: TTO021 - TÂM SỬA XE HÀN TIỆN | B24: 19 | C24: Châu Đốc | D24: Trạm Mỹ An | E24: VTNN Hòa Hưng vào 200m | F24: Xéo ngã 3 kênh đê bao | G24: 105.12624 | H24: 10.659429 | I24: 105.12506 | J24: 10.658243 | K24: 200 | Q24: 1 | T24: Tuyến trạm Bơm Kênh 2 Mỹ Đức | U24: 1 | V24: OK | W24: Thêm tủ vào giữa hạ tầng hiện hữu
A25: TTO008 - THCS LQI 2 | B25: 20 | C25: Châu Đốc | D25: Trạm Mỹ An | E25: Xéo ngã 3 kênh đê bao | F25: Đd tạp hóa tuyết loan | G25: 105.12506 | H25: 10.658243 | I25: 105.12389 | J25: 10.657055 | K25: 200 | Q25: 1 | T25: Tuyến trạm Bơm Kênh 2 Mỹ Đức | U25: 1 | V25: OK | W25: Thêm tủ vào giữa hạ tầng hiện hữu
A26: TTO008 - THCS LQI 2 | B26: 21 | C26: Châu Đốc | D26: Trạm Mỹ An | E26: Đd tạp hóa tuyết loan | F26: Cách tạp hóa Tuyết em 50m hướng k5 | G26: 105.12389 | H26: 10.657055 | I26: 105.12237 | J26: 10.655507 | K26: 250 | Q26: 1 | T26: Tuyến trạm Bơm Kênh 2 Mỹ Đức | U26: 1 | V26: OK | W26: Thêm tủ vào giữa hạ tầng hiện hữu
A27: TTO008 - THCS LQI 2 | B27: 22 | C27: Châu Đốc | D27: Trạm Vĩnh Châu | E27: Anh Nguyễn | F27: Anh Nguyễn ra 150m | G27: 105.11583 | H27: 10.64896 | I27: 105.11672 | J27: 10.649827 | K27: 200 | N27: 1 | Q27: 1 | T27: bổ sung thêm | U27: 1 | V27: OK | W27: Tuyến mới
A28: TTO008 - THCS LQI 2 | B28: 23 | C28: Châu Đốc | D28: Trạm Vĩnh Châu | E28: Anh Nguyễn ra 150m | F28: ĐD CX Đoàn Minh Tộc | G28: 105.11672 | H28: 10.649827 | I28: 105.11755 | J28: 10.650684 | K28: 200 | Q28: 1 | T28: bổ sung thêm | U28: 1 | V28: OK | W28: Tuyến mới
A29: TTN.LQI.OLT.A21.1.7.3_Cầu Lạc Quới 2 - VĨNH LỘC 3 | B29: 24 | C29: Châu Đốc | D29: Trạm Vĩnh Châu | E29: ĐD CX Đoàn Minh Tộc | F29: ĐD CX Đoàn Minh Tộc ra 200m | G29: 105.11755 | H29: 10.650684 | I29: 105.11921 | J29: 10.652312 | K29: 300 | Q29: 1 | T29: bổ sung thêm | U29: 1 | V29: OK | W29: Tuyến mới
A30: TTN.LQI.OLT.A21.1.7.3_Cầu Lạc Quới 2 - VĨNH LỘC 3 | B30: 25 | C30: Châu Đốc | D30: Trạm Vĩnh Châu | E30: Biệt thự k5 | F30: Trạm xăng k5 | G30: 105.10596 | H30: 10.6397 | I30: 105.10673 | J30: 10.640448 | K30: 200 | Q30: 1 | T30: bổ sung thêm | U30: 1 | V30: OK | W30: Tuyến mới
A31: TTN.LQI.OLT.A21.1.7.3_Cầu Lạc Quới 2 - VĨNH LỘC 3 | B31: 26 | C31: Châu Đốc | D31: Trạm Vĩnh Châu | E31: Trạm xăng k5 | F31: Ngã 3 kênh Xuất Khẩu Mỹ Thuận | G31: 105.10673 | H31: 10.640448 | I31: 105.1075 | J31: 10.641296 | K31: 200 | N31: 1 | Q31: 1 | T31: bổ sung thêm | U31: 1 | V31: OK | W31: Tuyến mới
A32: TTN.LQI.OLT.A21.1.7.3_Cầu Lạc Quới 2 - VĨNH LỘC 3 | B32: 27 | C32: Châu Đốc | D32: Trạm Vĩnh Châu | E32: Biệt thự k5 | F32: Cầu dây k5 | G32: 105.10596 | H32: 10.6397 | I32: 105.10504 | J32: 10.638841 | K32: 250 | Q32: 1 | T32: bổ sung thêm | U32: 1 | V32: OK | W32: Tuyến mới
A33: TTN.LQI.OLT.A21.1.7.3_Cầu Lạc Quới 2 - VĨNH LỘC 3 | B33: 28 | C33: Châu Đốc | D33: Trạm Vĩnh Châu | E33: Cầu dây k5 | F33: Cầu dây k5 vào 200m | G33: 105.10504 | H33: 10.638841 | I33: 105.10393 | J33: 10.637585 | K33: 250 | Q33: 1 | T33: bổ sung thêm | U33: 1 | V33: OK | W33: Tuyến mới
A34: TTN.LQI.OLT.A21.1.7.3_Cầu Lạc Quới 2 - VĨNH LỘC 3 | B34: 29 | C34: Châu Đốc | D34: Trạm Vĩnh Châu | E34: Cầu dây k5 vào 200m | F34: Trạm AGCD20 | G34: 105.10393 | H34: 10.637585 | I34: 105.10236 | J34: 10.636018 | K34: 200 | Q34: 1 | T34: bổ sung thêm | U34: 1 | V34: OK | W34: Tuyến mới
A35: TTN.LQI.OLT.A21.1.7.3_Cầu Lạc Quới 2 - VĨNH LỘC 3 | B35: 30 | C35: Châu Đốc | D35: Trạm Vĩnh Châu | E35: Trạm AGCD20 | F35: Trạm AGCD20 vào 200m | G35: 105.10236 | H35: 10.636018 | I35: 105.1005 | J35: 10.634134 | K35: 250 | N35: 1 | Q35: 1 | T35: bổ sung thêm | U35: 1 | V35: OK | W35: Tuyến mới
A36: TTN.LQI.OLT.A21.1.7.3_Cầu Lạc Quới 2 - VĨNH LỘC 3 | B36: 31 | C36: Châu Đốc | D36: Trạm Vĩnh Châu | E36: Trạm AGCD20 vào 200m | F36: xéo KDC chợ LONG BÌNH | G36: 105.1005 | H36: 10.634134 | I36: 105.09967 | J36: 10.633342 | K36: 200 | Q36: 1 | T36: bổ sung thêm | U36: 1 | V36: OK | W36: Tuyến mới
A37: TTN.LQI.OLT.A21.1.7.3_Cầu Lạc Quới 2 - VĨNH LỘC 3 | B37: 32 | C37: Châu Đốc | D37: Trạm Châu Đốc | E37: Tủ 300 NVT | F37: Cửa hàng đồ chơi gia Dũ | G37: 105.11474 | H37: 10.706751 | I37: 105.11536 | J37: 10.707157 | K37: 100 | N37: 1 | Q37: 1 | T37: bổ sung thêm | U37: 1 | V37: OK | W37: Nâng dung lượng cho tuyến hiện hữu
A38: TTN.LQI.OLT.A21.1.7.3_Cầu Lạc Quới 2 - VĨNH LỘC 3 | B38: 33 | C38: Châu Đốc | D38: Trạm Châu Đốc | E38: Cửa hàng đồ chơi gia Dũ | F38: Xôi gà Cô Hồng | G38: 105.11536 | H38: 10.707157 | I38: 105.11606 | J38: 10.707665 | K38: 100 | Q38: 1 | T38: bổ sung thêm | U38: 1 | V38: OK | W38: Nâng dung lượng cho tuyến hiện hữu
A39: TTN.LQI.OLT.A21.1.7.3_Cầu Lạc Quới 2 - VĨNH LỘC 3 | B39: 34 | C39: Châu Đốc | D39: Trạm Châu Đốc | E39: Xôi gà Cô Hồng | F39: LUCY SPA Châu Đốc | G39: 105.11606 | H39: 10.707665 | I39: 105.11653 | J39: 10.708011 | K39: 150 | Q39: 1 | T39: bổ sung thêm | U39: 1 | V39: OK | W39: Nâng dung lượng cho tuyến hiện hữu
A40: TTN.LQI.OLT.A21.1.7.3_Cầu Lạc Quới 2 - VĨNH LỘC 3 | B40: 35 | C40: Châu Đốc | D40: Trạm Châu Đốc | E40: LUCY SPA Châu Đốc | F40: Khá Thuận | G40: 105.11653 | H40: 10.708011 | I40: 105.11702 | J40: 10.708362 | K40: 100 | N40: 1 | Q40: 1 | T40: bổ sung thêm | U40: 1 | V40: OK | W40: Nâng dung lượng cho tuyến hiện hữu
A41: TTN.LQI.OLT.A21.1.7.3_Cầu Lạc Quới 2 - VĨNH LỘC 3 | B41: 36 | C41: Châu Đốc | D41: Trạm Châu Đốc | E41: Tủ 300 NVT | F41: Nhà thước Khôi Nguyên | G41: 105.11474 | H41: 10.706751 | I41: 105.11419 | J41: 10.706409 | K41: 100 | Q41: 1 | T41: bổ sung thêm | U41: 1 | V41: OK | W41: Nâng dung lượng cho tuyến hiện hữu
A42: TTN.LQI.OLT.A21.1.7.3_Cầu Lạc Quới 2 - VĨNH LỘC 3 | B42: 37 | C42: Châu Đốc | D42: Trạm Châu Đốc | E42: Nhà thước Khôi Nguyên | F42: Thẩm Mỹ Viện VENUS | G42: 105.11419 | H42: 10.706409 | I42: 105.11365 | J42: 10.706034 | K42: 100 | Q42: 1 | T42: bổ sung thêm | U42: 1 | V42: OK | W42: Nâng dung lượng cho tuyến hiện hữu
A43: TTN.LQI.OLT.A21.1.7.3_Cầu Lạc Quới 2 - VĨNH LỘC 3 | B43: 38 | C43: Châu Đốc | D43: Trạm Châu Đốc | E43: Thẩm Mỹ Viện VENUS | F43: Nem nướng 6 Hiệp | G43: 105.11365 | H43: 10.706034 | I43: 105.11304 | J43: 10.70558 | K43: 100 | Q43: 1 | T43: bổ sung thêm | U43: 1 | V43: OK | W43: Nâng dung lượng cho tuyến hiện hữu
A44: TTN.LQI.OLT.A21.1.7.3_Cầu Lạc Quới 2 - VĨNH LỘC 3 | B44: 39 | C44: Châu Đốc | D44: Trạm Châu Đốc | E44: Nem nướng 6 Hiệp | F44: Cửa hàng Thành Trung | G44: 105.11304 | H44: 10.70558 | I44: 105.11219 | J44: 10.704955 | K44: 100 | N44: 1 | Q44: 1 | T44: bổ sung thêm | U44: 1 | V44: OK | W44: Nâng dung lượng cho tuyến hiện hữu
A45: ODF 6FO Sáu Chầu - S2-Sáu Chầu 8 | B45: 40 | C45: Châu Đốc | D45: Trạm Châu Đốc | E45: Cửa hàng Thành Trung | F45: Cửa hàng Nguyễn Ngô | G45: 105.11219 | H45: 10.704955 | I45: 105.11148 | J45: 10.704447 | K45: 100 | Q45: 1 | T45: bổ sung thêm | U45: 1 | V45: OK | W45: Nâng dung lượng cho tuyến hiện hữu
A46: ODF 6FO Sáu Chầu - S2-Sáu Chầu 8 | B46: 41 | C46: Châu Đốc | D46: Trạm Châu Đốc | E46: Cửa hàng Nguyễn Ngô | F46: Thức ăn gia sux1 Thanh Bình | G46: 105.11148 | H46: 10.704447 | I46: 105.11086 | J46: 10.703986 | K46: 100 | Q46: 1 | T46: bổ sung thêm | U46: 1 | V46: OK | W46: Nâng dung lượng cho tuyến hiện hữu
A47: ODF 6FO Sáu Chầu - S2-Sáu Chầu 8 | B47: 42 | C47: Châu Đốc | D47: Trạm Châu Đốc | E47: Thức ăn gia sux1 Thanh Bình | F47: Kho dược Phương Huy | G47: 105.11086 | H47: 10.703986 | I47: 105.11023 | J47: 10.703496 | K47: 100 | Q47: 1 | T47: bổ sung thêm | U47: 1 | V47: OK | W47: Nâng dung lượng cho tuyến hiện hữu
A48: ODF 6FO Sáu Chầu - S2-Sáu Chầu 8 | B48: 43 | C48: Châu Đốc | D48: Trạm Châu Đốc | E48: Kho dược Phương Huy | F48: Café Hương Quê | G48: 105.11023 | H48: 10.703496 | I48: 105.10965 | J48: 10.703061 | K48: 100 | N48: 1 | Q48: 1 | T48: bổ sung thêm | U48: 1 | V48: OK | W48: Nâng dung lượng cho tuyến hiện hữu
A49: ODF 6FO Sáu Chầu - S2-Sáu Chầu 8 | B49: 44 | C49: Châu Đốc | D49: Trạm Châu Đốc | E49: Café Hương Quê | F49: Nhà Nghỉ Biển Đông | G49: 105.10965 | H49: 10.703061 | I49: 105.10903 | J49: 10.702589 | K49: 100 | Q49: 1 | T49: bổ sung thêm | U49: 1 | V49: OK | W49: Nâng dung lượng cho tuyến hiện hữu
A50: ODF 6FO Sáu Chầu - S2-Sáu Chầu 8 | B50: 45 | C50: Châu Đốc | D50: Trạm Vĩnh Xuyên | E50: Trạm Vĩnh Xuyên | F50: 88QL 91 | G50: 105.07041 | H50: 10.674434 | I50: 105.06643 | J50: 10.671032 | K50: 600 | Q50: 1 | R50: 1 | T50: bổ sung thêm | U50: 1 | V50: OK | W50: Nâng dung lượng cho tuyến hiện hữu
A51: ODF 6FO Sáu Chầu - S2-Sáu Chầu 8 | B51: 46 | C51: Châu Đốc | D51: Trạm Vĩnh Xuyên | E51: 88QL 91 | F51: gà núi Châu Đốc | G51: 105.06643 | H51: 10.671032 | I51: 105.06364 | J51: 10.668903 | K51: 350 | N51: 1 | Q51: 1 | T51: bổ sung thêm | U51: 1 | V51: OK | W51: Nâng dung lượng cho tuyến hiện hữu
A52: ODF 6FO Sáu Chầu - S2-Sáu Chầu 8 | B52: 47 | C52: Châu Đốc | D52: Trạm Vĩnh Xuyên | E52: gà núi Châu Đốc | F52: gần cơm tấm Yến Nhi | G52: 105.06364 | H52: 10.668903 | I52: 105.06289 | J52: 10.668327 | K52: 200 | Q52: 1 | T52: bổ sung thêm | U52: 1 | V52: OK | W52: Nâng dung lượng cho tuyến hiện hữu
A53: 6FO hướng Vĩnh Hoà - S2-Trên cao tốc Kênh Ngang Huệ Đức | B53: 48 | C53: Châu Đốc | D53: Trạm Vĩnh Xuyên | E53: gần cơm tấm Yến Nhi | F53: cầu KDC VK2 | G53: 105.06289 | H53: 10.668327 | I53: 105.06207 | J53: 10.667729 | K53: 200 | Q53: 1 | T53: bổ sung thêm | U53: 1 | V53: OK | W53: Nâng dung lượng cho tuyến hiện hữu
A54: 6FO hướng Vĩnh Hoà - S2-Trên cao tốc Kênh Ngang Huệ Đức | B54: 49 | C54: Châu Đốc | D54: Trạm Vĩnh Xuyên | E54: cầu KDC VK2 | F54: vượt Tuyến DC VK2 | G54: 105.06207 | H54: 10.667729 | I54: 105.06109 | J54: 10.666982 | K54: 100 | Q54: 1 | T54: bổ sung thêm | U54: 1 | V54: OK | W54: Nâng dung lượng cho tuyến hiện hữu
A55: 6FO hướng Vĩnh Hoà - S2-Trên cao tốc Kênh Ngang Huệ Đức | B55: 50 | C55: Châu Đốc | D55: Trạm Vĩnh Xuyên | E55: cầu KDC VK2 | F55: gần bún cá Châu Đốc | G55: 105.06207 | H55: 10.667729 | I55: 105.06053 | J55: 10.666561 | K55: 150 | N55: 1 | Q55: 1 | T55: bổ sung thêm | U55: 1 | V55: OK | W55: Nâng dung lượng cho tuyến hiện hữu
A56: 6FO hướng Vĩnh Hoà - S2-Trên cao tốc Kênh Ngang Huệ Đức | B56: 51 | C56: Châu Đốc | D56: Trạm Vĩnh Xuyên | E56: gần bún cá Châu Đốc | F56: gần Hà Gia | G56: 105.06053 | H56: 10.666561 | I56: 105.05956 | J56: 10.665851 | K56: 300 | Q56: 1 | T56: bổ sung thêm | U56: 1 | V56: OK | W56: Nâng dung lượng cho tuyến hiện hữu
A57: 6FO hướng Vĩnh Hoà - S2-Trên cao tốc Kênh Ngang Huệ Đức | B57: 52 | C57: Châu Đốc | D57: Trạm Vĩnh Xuyên | E57: gần Hà Gia | F57: ngã 3 cầu 3 nhịp | G57: 105.05956 | H57: 10.665851 | I57: 105.05847 | J57: 10.665097 | K57: 200 | Q57: 1 | T57: bổ sung thêm | U57: 1 | V57: OK | W57: Nâng dung lượng cho tuyến hiện hữu
A58: 6FO hướng Vĩnh Hoà - S2-Trên cao tốc Kênh Ngang Huệ Đức | B58: 53 | C58: Châu Đốc | D58: Trạm Châu Đốc | E58: TTVT Châu Đốc | F58: Đầu Chợ Ba Đúc | G58: 105.12019 | H58: 10.710404 | I58: 105.11996 | J58: 10.711738 | K58: 250 | Q58: 1 | R58: 1 | T58: bổ sung thêm | U58: 1 | V58: OK | W58: Nâng dung lượng cho tuyến hiện hữu
A59: 6FO hướng Vĩnh Hoà - S2-Trên cao tốc Kênh Ngang Huệ Đức | B59: 54 | C59: Châu Đốc | D59: TVT Châu Đốc | E59: Đầu Chợ Ba Đúc | F59: 184 Trần Hưng Đạo | G59: 105.11996 | H59: 10.711738 | I59: 105.11934 | J59: 10.712583 | K59: 150 | N59: 1 | Q59: 1 | T59: bổ sung thêm | U59: 1 | V59: OK | W59: Nâng dung lượng cho tuyến hiện hữu
A60: 6FO hướng Vĩnh Hoà - S2-Trên cao tốc Kênh Ngang Huệ Đức | B60: 55 | C60: Châu Đốc | D60: TVT Châu Đốc | E60: 184 Trần Hưng Đạo | F60: Ngã 3 NĐC - THĐ | G60: 105.11934 | H60: 10.712583 | I60: 105.11833 | J60: 10.713708 | K60: 200 | Q60: 1 | T60: bổ sung thêm | U60: 1 | V60: OK | W60: Nâng dung lượng cho tuyến hiện hữu
B61: 56 | C61: Châu Đốc | D61: Trạm CDO018M | E61: Trạm Phường A | F61: ngã 4 đường số 9A | G61: 105.09862 | H61: 10.695729 | I61: 105.0981 | J61: 10.694855 | K61: 250 | Q61: 1 | R61: 1 | T61: Đường số 8 KDC Khóm 8 | U61: 1 | V61: OK | W61: Nâng dung lượng cho tuyến hiện hữu
B62: 57 | C62: Châu Đốc | D62: Trạm CDO018M | E62: ngã 4 đường số 9A | F62: nhà trọ nam định | G62: 105.0981 | H62: 10.694855 | I62: 105.09691 | J62: 10.693953 | K62: 200 | Q62: 1 | T62: Đường số 2 KDC Khóm 8 | U62: 1 | V62: OK | W62: Nâng dung lượng cho tuyến hiện hữu
B63: 58 | C63: Châu Đốc | D63: Trạm CDO018M | E63: nhà trọ nam định | F63: tỷ kính | G63: 105.09691 | H63: 10.693953 | I63: 105.09559 | J63: 10.69294 | K63: 200 | Q63: 1 | T63: Đường số 2 KDC Khóm 8 | U63: 1 | V63: OK | W63: Nâng dung lượng cho tuyến hiện hữu
B64: 59 | C64: Châu Đốc | D64: Trạm CDO018M | E64: tỷ kính | F64: An Yên home | G64: 105.09559 | H64: 10.69294 | I64: 105.09536 | J64: 10.693321 | K64: 200 | N64: 1 | Q64: 1 | T64: Đường số 2 KDC Khóm 8 | U64: 1 | V64: OK | W64: Nâng dung lượng cho tuyến hiện hữu
B65: 60 | C65: Châu Đốc | D65: Trạm CDO018M | E65: An Yên home | F65: sau ôto Quốc Thái | G65: 105.09536 | H65: 10.693321 | I65: 105.09668 | J65: 10.694317 | K65: 200 | Q65: 1 | T65: Đường số 2 KDC Khóm 8 | U65: 1 | V65: OK | W65: Nâng dung lượng cho tuyến hiện hữu

Sheet CPU_OK
B1: VTAG - TỔNG HỢP NHU CẦU CÁP QUANG GPON 2026
B3: TỔNG CỘNG: | I3: TTVT CHÂU PHÚ | K3: =SUMIF($C$6:$C$4310,"Châu Phú",K6:K4309) -> 18000 | L3: =SUMIF($C$6:$C$4310,"Châu Phú",L6:L4309) -> 0 | M3: =SUMIF($C$6:$C$4310,"Châu Phú",M6:M4309) -> 0 | N3: =SUMIF($C$6:$C$4310,"Châu Phú",N6:N4309) -> 21 | O3: =SUMIF($C$6:$C$4310,"Châu Phú",O6:O4309) -> 0 | P3: =SUMIF($C$6:$C$4310,"Châu Phú",P6:P4309) -> 0 | Q3: =SUMIF($C$6:$C$4310,"Châu Phú",Q6:Q4309) -> 84 | R3: =SUMIF($C$6:$C$4310,"Châu Phú",R6:R4309) -> 5
A4: TUYẾN TỔNG HỢP | B4: STT | C4: Đơn vị | D4: OLT | E4: ĐIỂM ĐẦU A | F4: ĐIỂM ĐẦU B | G4: Tọa độ A | I4: Tọa độ B | K4: Cáp quang 6FO(m) | L4: Cáp quang 12FO(m) | M4: Cáp quang 24FO(m) | N4: SP 1:4 | O4: SP 1: 8 (S1) | P4: SP 1: 8 (S2) | Q4: SP 1: 16 | R4: ODF | S4: Ghi chú | T4: Thông tin bên Biểu 3_MẠNg GPON | U4: Mức độ Ưu tiên từ 1-3 | V4: TTHT CHECK
G5: Long | H5: lat | I5: Long | J5: lat | K5: =SUBTOTAL(9,K6:K3998) -> 18000 | L5: =SUBTOTAL(9,L6:L3998) -> 0 | M5: =SUBTOTAL(9,M6:M3998) -> 0 | N5: =SUBTOTAL(9,N6:N3998) -> 21 | O5: =SUBTOTAL(9,O6:O3998) -> 0 | P5: =SUBTOTAL(9,P6:P3998) -> 0 | Q5: =SUBTOTAL(9,Q6:Q3998) -> 84 | R5: =SUBTOTAL(9,R6:R3998) -> 5 | V5: KẾT QUẢ | W5: LÍ DO
A6: TUYẾN MỚI ĐƠN VỊ NHU CẦU KHẨN CẤP THÊM | B6: 1 | C6: Châu Phú | D6: CPH023 | E6: Trạm CPH023 | F6: S2-TMT- Kênh 9-1 | G6: 105.14714 | H6: 10.54137 | I6: 105.14659 | J6: 10.54209 | K6: 160 | Q6: 1 | R6: 1 | T6: Tuyến BTS CPH023 - Kênh 9 | U6: 1 | V6: OK | W6: Bổ sung hạ tầng đan xen tuyến hiện tại
A7: Cầu T7 - Kênh T7 | B7: 2 | C7: Châu Phú | D7: CPH023 | E7: S2-TMT- Kênh 9-1 | F7: S2-TMT- Kênh 9-2 | G7: 105.14659 | H7: 10.54209 | I7: 105.14618 | J7: 10.54343 | K7: 210 | N7: 1 | Q7: 1 | T7: Tuyến BTS CPH023 - Kênh 9 | U7: 1 | V7: OK | W7: Bổ sung hạ tầng đan xen tuyến hiện tại
A8: Dưới Bến Đò DT - PON Thị Đầy | B8: 3 | C8: Châu Phú | D8: CPH023 | E8: S2-TMT- Kênh 9-2 | F8: S2-TMT- Kênh 9-3 | G8: 105.14618 | H8: 10.54343 | I8: 105.1474 | J8: 10.54482 | K8: 210 | Q8: 1 | T8: Tuyến BTS CPH023 - Kênh 9 | U8: 1 | V8: OK | W8: Bổ sung hạ tầng đan xen tuyến hiện tại
A9: Dưới Bến Đò DT - PON Thị Đầy | B9: 4 | C9: Châu Phú | D9: CPH023 | E9: S2-TMT- Kênh 9-3 | F9: S2-TMT- Kênh 9-4 | G9: 105.1474 | H9: 10.54482 | I9: 105.14863 | J9: 10.54627 | K9: 210 | Q9: 1 | T9: Tuyến BTS CPH023 - Kênh 9 | U9: 1 | V9: OK | W9: Bổ sung hạ tầng đan xen tuyến hiện tại
A10: Dưới Bến Đò DT - PON Thị Đầy | B10: 5 | C10: Châu Phú | D10: CPH023 | E10: S2-TMT- Kênh 9-4 | F10: S2-TMT- Kênh 9-5 | G10: 105.14863 | H10: 10.54627 | I10: 105.14921 | J10: 10.54693 | K10: 130 | Q10: 1 | T10: Tuyến BTS CPH023 - Kênh 9 | U10: 1 | V10: OK | W10: Bổ sung hạ tầng đan xen tuyến hiện tại
A11: Dưới Bến Đò DT - PON Thị Đầy | B11: 6 | C11: Châu Phú | D11: CPH023 | E11: S2-TMT- Kênh 9-5 | F11: S2-TMT- Kênh 9-6 | G11: 105.14921 | H11: 10.54693 | I11: 105.15115 | J11: 10.5492 | K11: 270 | N11: 1 | Q11: 1 | T11: Tuyến BTS CPH023 - Kênh 9 | U11: 1 | V11: OK | W11: Bổ sung hạ tầng đan xen tuyến hiện tại
A12: Dưới Bến Đò DT - PON Thị Đầy | B12: 7 | C12: Châu Phú | D12: CPH023 | E12: S2-TMT- Kênh 9-6 | F12: S2-TMT- Kênh 9-7 | G12: 105.15115 | H12: 10.5492 | I12: 105.15303 | J12: 10.55134 | K12: 270 | Q12: 1 | T12: Tuyến BTS CPH023 - Kênh 9 | U12: 1 | V12: OK | W12: Bổ sung hạ tầng đan xen tuyến hiện tại
A13: Dưới Bến Đò DT - PON Thị Đầy | B13: 8 | C13: Châu Phú | D13: CPH023 | E13: S2-TMT- Kênh 9-7 | F13: S2-TMT- Kênh 9-8 | G13: 105.15303 | H13: 10.55134 | I13: 105.155 | J13: 10.5537 | K13: 320 | Q13: 1 | T13: Tuyến BTS CPH023 - Kênh 9 | U13: 1 | V13: OK | W13: Bổ sung hạ tầng đan xen tuyến hiện tại
A14: Dưới Bến Đò DT - PON Thị Đầy | B14: 9 | C14: Châu Phú | D14: CPH023 | E14: S2-TMT- Kênh 9-8 | F14: S2-TMT- Kênh 9-9 | G14: 105.155 | H14: 10.5537 | I14: 105.1556 | J14: 10.55443 | K14: 130 | Q14: 1 | T14: Tuyến BTS CPH023 - Kênh 9 | U14: 1 | V14: OK | W14: Bổ sung hạ tầng đan xen tuyến hiện tại
A15: Dưới Bến Đò DT - PON Thị Đầy | B15: 10 | C15: Châu Phú | D15: CPH023 | E15: S2-TMT- Kênh 9-9 | F15: S2-TMT- Kênh 9-10 | G15: 105.1556 | H15: 10.55443 | I15: 105.15669 | J15: 10.55567 | K15: 210 | N15: 1 | Q15: 1 | T15: Tuyến BTS CPH023 - Kênh 9 | U15: 1 | V15: OK | W15: Bổ sung hạ tầng đan xen tuyến hiện tại
A16: Dưới Bến Đò DT - PON Thị Đầy | B16: 11 | C16: Châu Phú | D16: CPH023 | E16: S2-TMT- Kênh 9-10 | F16: S2-TMT- Kênh 9-11 | G16: 105.15669 | H16: 10.55567 | I16: 105.15753 | J16: 10.5567 | K16: 160 | Q16: 1 | T16: Tuyến BTS CPH023 - Kênh 9 | U16: 1 | V16: OK | W16: Bổ sung hạ tầng đan xen tuyến hiện tại
A17: Trạm 024 - Tủ BS Bình | B17: 12 | C17: Châu Phú | D17: CPH023 | E17: S2-TMT- Kênh 9-11 | F17: S2-TMT- Kênh 9-12 | G17: 105.15753 | H17: 10.5567 | I17: 105.15908 | J17: 10.55846 | K17: 250 | Q17: 1 | T17: Tuyến BTS CPH023 - Kênh 9 | U17: 1 | V17: OK | W17: Bổ sung hạ tầng đan xen tuyến hiện tại
A18: Trạm 024 - Tủ BS Bình | B18: 13 | C18: Châu Phú | D18: CPH023 | E18: S2-TMT- Kênh 9-12 | F18: S2-TMT- Kênh 9-13 | G18: 105.15908 | H18: 10.55846 | I18: 105.15953 | J18: 10.55902 | K18: 250 | Q18: 1 | T18: Tuyến BTS CPH023 - Kênh 9 | U18: 1 | V18: OK | W18: Bổ sung hạ tầng đan xen tuyến hiện tại
A19: Trạm 024 - Tủ BS Bình | B19: 14 | C19: Châu Phú | D19: CPH023 | E19: S2-TMT- Kênh 9-13 | F19: S2-TMT- Kênh 9-14 | G19: 105.15953 | H19: 10.55902 | I19: 105.16173 | J19: 10.56161 | K19: 210 | N19: 1 | Q19: 1 | T19: Tuyến BTS CPH023 - Kênh 9 | U19: 1 | V19: OK | W19: Bổ sung hạ tầng đan xen tuyến hiện tại
A20: Trạm 024 - Tủ BS Bình | B20: 15 | C20: Châu Phú | D20: CPH023 | E20: S2-TMT- Kênh 9-14 | F20: S2-TMT- Kênh 9-15 | G20: 105.16173 | H20: 10.56161 | I20: 105.16269 | J20: 10.56272 | K20: 160 | Q20: 1 | T20: Tuyến BTS CPH023 - Kênh 9 | U20: 1 | V20: OK | W20: Bổ sung hạ tầng đan xen tuyến hiện tại
A21: Trạm 024 - Tủ BS Bình | B21: 16 | C21: Châu Phú | D21: CPH023 | E21: S2-TMT- Kênh 9-15 | F21: S2-TMT- Kênh 9-16 | G21: 105.16269 | H21: 10.56272 | I21: 105.16452 | J21: 10.56487 | K21: 250 | Q21: 1 | T21: Tuyến BTS CPH023 - Kênh 9 | U21: 1 | V21: OK | W21: Bổ sung hạ tầng đan xen tuyến hiện tại
A22: Trạm 024 - Tủ BS Bình | B22: 17 | C22: Châu Phú | D22: CPH020 | E22: Trạm CPH020 | F22: S2-20M- Cầu tre 1 | G22: 105.17131 | H22: 10.57141 | I22: 105.1706 | J22: 10.57201 | K22: 160 | Q22: 1 | R22: 1 | T22: Tuyến BTS CPH020 - Cầu tre | U22: 1 | V22: OK | W22: Bổ sung hạ tầng đan xen tuyến hiện tại
A23: Trạm 024 - Tủ BS Bình | B23: 18 | C23: Châu Phú | D23: CPH020 | E23: S2-20M- Cầu tre 1 | F23: S2-20M- Cầu tre 2 | G23: 105.1706 | H23: 10.57201 | I23: 105.17201 | J23: 10.57365 | K23: 250 | N23: 1 | Q23: 1 | T23: Tuyến BTS CPH020 - Cầu tre | U23: 1 | V23: OK | W23: Bổ sung hạ tầng đan xen tuyến hiện tại
A24: Trạm 024 - Tủ BS Bình | B24: 19 | C24: Châu Phú | D24: CPH020 | E24: S2-20M- Cầu tre 2 | F24: S2-20M- Cầu tre 3 | G24: 105.17201 | H24: 10.57365 | I24: 105.17332 | J24: 10.57506 | K24: 240 | Q24: 1 | T24: Tuyến BTS CPH020 - Cầu tre | U24: 1 | V24: OK | W24: Bổ sung hạ tầng đan xen tuyến hiện tại
A25: Trạm 024 - Tủ BS Bình | B25: 20 | C25: Châu Phú | D25: CPH020 | E25: S2-20M- Cầu tre 3 | F25: S2-20M- Cầu tre 4 | G25: 105.17332 | H25: 10.57506 | I25: 105.17438 | J25: 10.57641 | K25: 210 | Q25: 1 | T25: Tuyến BTS CPH020 - Cầu tre | U25: 1 | V25: OK | W25: Bổ sung hạ tầng đan xen tuyến hiện tại
A26: Trạm 024 - Tủ BS Bình | B26: 21 | C26: Châu Phú | D26: CPH020 | E26: S2-20M- Cầu tre 4 | F26: S2-20M- Cầu tre 5 | G26: 105.17438 | H26: 10.57641 | I26: 105.17543 | J26: 10.5776 | K26: 160 | Q26: 1 | T26: Tuyến BTS CPH020 - Cầu tre | U26: 1 | V26: OK | W26: Bổ sung hạ tầng đan xen tuyến hiện tại
A27: Trạm 024 - Tủ BS Bình | B27: 22 | C27: Châu Phú | D27: CPH020 | E27: S2-20M- Cầu tre 5 | F27: S2-20M- Cầu tre 6 | G27: 105.17543 | H27: 10.5776 | I27: 105.17715 | J27: 10.57967 | K27: 270 | N27: 1 | Q27: 1 | T27: Tuyến BTS CPH020 - Cầu tre | U27: 1 | V27: OK | W27: Bổ sung hạ tầng đan xen tuyến hiện tại
A28: Trạm 024 - Tủ BS Bình | B28: 23 | C28: Châu Phú | D28: CPH020 | E28: S2-20M- Cầu tre 6 | F28: S2-20M- Cầu tre 7 | G28: 105.17715 | H28: 10.57967 | I28: 105.17827 | J28: 10.58095 | K28: 210 | Q28: 1 | T28: Tuyến BTS CPH020 - Cầu tre | U28: 1 | V28: OK | W28: Bổ sung hạ tầng đan xen tuyến hiện tại
A29: Trạm 024 - Tủ BS Bình | B29: 24 | C29: Châu Phú | D29: CPH020 | E29: S2-20M- Cầu tre 7 | F29: S2-20M- Cầu tre 8 | G29: 105.17827 | H29: 10.58095 | I29: 105.17957 | J29: 10.5825 | K29: 240 | Q29: 1 | T29: Tuyến BTS CPH020 - Cầu tre | U29: 1 | V29: OK | W29: Bổ sung hạ tầng đan xen tuyến hiện tại
A30: Trạm 024 - Tủ BS Bình | B30: 25 | C30: Châu Phú | D30: CPH023 | E30: Trạm CPH023 | F30: S2-TMT-Anh Thanh 1 | G30: 105.14714 | H30: 10.54137 | I30: 105.14509 | J30: 10.54334 | K30: 320 | Q30: 1 | R30: 1 | T30: Tuyến BTS CPH023 - hướng nhà anh Thanh | U30: 1 | V30: OK | W30: Bổ sung hạ tầng đan xen tuyến hiện tại
A31: Trạm 024 - Tủ BS Bình | B31: 26 | C31: Châu Phú | D31: CPH023 | E31: S2-TMT-Anh Thanh 1 | F31: S2-TMT-Anh Thanh 2 | G31: 105.14509 | H31: 10.54334 | I31: 105.14578 | J31: 10.54425 | K31: 130 | N31: 1 | Q31: 1 | T31: Tuyến BTS CPH023 - hướng nhà anh Thanh | U31: 1 | V31: OK | W31: Bổ sung hạ tầng đan xen tuyến hiện tại
A32: Trạm 024 - Tủ BS Bình | B32: 27 | C32: Châu Phú | D32: CPH023 | E32: S2-TMT-Anh Thanh 2 | F32: S2-TMT-Anh Thanh 3 | G32: 105.14578 | H32: 10.54425 | I32: 105.14752 | J32: 10.54628 | K32: 240 | Q32: 1 | T32: Tuyến BTS CPH023 - hướng nhà anh Thanh | U32: 1 | V32: OK | W32: Bổ sung hạ tầng đan xen tuyến hiện tại
A33: Vĩnh Bình 1 - Vĩnh Bình 6 | B33: 28 | C33: Châu Phú | D33: CPH023 | E33: S2-TMT-Anh Thanh 3 | F33: S2-TMT-Anh Thanh 4 | G33: 105.14752 | H33: 10.54628 | I33: 105.14913 | J33: 10.54815 | K33: 240 | Q33: 1 | T33: Tuyến BTS CPH023 - hướng nhà anh Thanh | U33: 1 | V33: OK | W33: Bổ sung hạ tầng đan xen tuyến hiện tại
A34: Vĩnh Bình 1 - Vĩnh Bình 6 | B34: 29 | C34: Châu Phú | D34: CPH023 | E34: S2-TMT-Anh Thanh 4 | F34: S2-TMT-Anh Thanh 5 | G34: 105.14913 | H34: 10.54815 | I34: 105.15025 | J34: 10.54951 | K34: 210 | Q34: 1 | T34: Tuyến BTS CPH023 - hướng nhà anh Thanh | U34: 1 | V34: OK | W34: Bổ sung hạ tầng đan xen tuyến hiện tại
A35: Vĩnh Bình 1 - Vĩnh Bình 6 | B35: 30 | C35: Châu Phú | D35: CPH023 | E35: S2-TMT-Anh Thanh 5 | F35: S2-TMT-Anh Thanh 6 | G35: 105.15025 | H35: 10.54951 | I35: 105.15146 | J35: 10.55089 | K35: 210 | N35: 1 | Q35: 1 | T35: Tuyến BTS CPH023 - hướng nhà anh Thanh | U35: 1 | V35: OK | W35: Bổ sung hạ tầng đan xen tuyến hiện tại
A36: Vĩnh Bình 1 - Vĩnh Bình 6 | B36: 31 | C36: Châu Phú | D36: CPH023 | E36: S2-TMT-Anh Thanh 6 | F36: S2-TMT-Anh Thanh 7 | G36: 105.15146 | H36: 10.55089 | I36: 105.15308 | J36: 10.55275 | K36: 240 | Q36: 1 | T36: Tuyến BTS CPH023 - hướng nhà anh Thanh | U36: 1 | V36: OK | W36: Bổ sung hạ tầng đan xen tuyến hiện tại
A37: Vĩnh Bình 1 - Vĩnh Bình 6 | B37: 32 | C37: Châu Phú | D37: CPH023 | E37: S2-TMT-Anh Thanh 7 | F37: S2-TMT-Anh Thanh 8 | G37: 105.15308 | H37: 10.55275 | I37: 105.15601 | J37: 10.55623 | K37: 350 | Q37: 1 | T37: Tuyến BTS CPH023 - hướng nhà anh Thanh | U37: 1 | V37: OK | W37: Bổ sung hạ tầng đan xen tuyến hiện tại
A38: 007 - K2 Chủ Mỹ OLT - S2-007 - K2 Chủ Mỹ 4 Cuối | B38: 33 | C38: Châu Phú | D38: CPH023 | E38: TMT-Anh Thanh 1 | F38: S2-TMT-Anh Thanh 9 | G38: 105.14509 | H38: 10.54334 | I38: 105.14421 | J38: 10.54236 | K38: 160 | Q38: 1 | T38: Tuyến BTS CPH023 - hướng nhà anh Thanh | U38: 1 | V38: OK | W38: Bổ sung hạ tầng đan xen tuyến hiện tại
A39: 007 - K2 Chủ Mỹ OLT - S2-007 - K2 Chủ Mỹ 4 Cuối | B39: 34 | C39: Châu Phú | D39: CPH023 | E39: S2-TMT-Anh Thanh 9 | F39: S2-TMT-Anh Thanh 10 | G39: 105.14421 | H39: 10.54236 | I39: 105.1429 | J39: 10.54076 | K39: 210 | N39: 1 | Q39: 1 | T39: Tuyến BTS CPH023 - hướng nhà anh Thanh | U39: 1 | V39: OK | W39: Bổ sung hạ tầng đan xen tuyến hiện tại
A40: 007 - K2 Chủ Mỹ OLT - S2-007 - K2 Chủ Mỹ 4 Cuối | B40: 35 | C40: Châu Phú | D40: CPH023 | E40: S2-TMT-Anh Thanh 10 | F40: S2-TMT-Anh Thanh 11 | G40: 105.1429 | H40: 10.54076 | I40: 105.14144 | J40: 10.53911 | K40: 210 | Q40: 1 | T40: Tuyến BTS CPH023 - hướng nhà anh Thanh | U40: 1 | V40: OK | W40: Bổ sung hạ tầng đan xen tuyến hiện tại
A41: 007 - K2 Chủ Mỹ OLT - S2-007 - K2 Chủ Mỹ 4 Cuối | B41: 36 | C41: Châu Phú | D41: CPH023 | E41: S2-TMT-Anh Thanh 11 | F41: S2-TMT-Anh Thanh 12 | G41: 105.14144 | H41: 10.53911 | I41: 105.14016 | J41: 10.53769 | K41: 210 | Q41: 1 | T41: Tuyến BTS CPH023 - hướng nhà anh Thanh | U41: 1 | V41: OK | W41: Bổ sung hạ tầng đan xen tuyến hiện tại
A42: 007 - K2 Chủ Mỹ OLT - S2-007 - K1 Chủ Mỹ 8 CUỐI | B42: 37 | C42: Châu Phú | D42: CPH023 | E42: S2-TMT-Anh Thanh 12 | F42: S2-TMT-Anh Thanh 13 | G42: 105.14016 | H42: 10.53769 | I42: 105.13894 | J42: 10.53624 | K42: 210 | Q42: 1 | T42: Tuyến BTS CPH023 - hướng nhà anh Thanh | U42: 1 | V42: OK | W42: Bổ sung hạ tầng đan xen tuyến hiện tại
A43: 007 - K2 Chủ Mỹ OLT - S2-007 - K1 Chủ Mỹ 8 CUỐI | B43: 38 | C43: Châu Phú | D43: CPH023 | E43: S2-TMT-Anh Thanh 13 | F43: S2-TMT-Anh Thanh 14 | G43: 105.13894 | H43: 10.53624 | I43: 105.13683 | J43: 10.53368 | K43: 320 | N43: 1 | Q43: 1 | T43: Tuyến BTS CPH023 - hướng nhà anh Thanh | U43: 1 | V43: OK | W43: Bổ sung hạ tầng đan xen tuyến hiện tại
A44: 007 - K2 Chủ Mỹ OLT - S2-007 - K1 Chủ Mỹ 8 CUỐI | B44: 39 | C44: Châu Phú | D44: CPH023 | E44: S2-TMT-Anh Thanh 14 | F44: S2-TMT-Anh Thanh 15 | G44: 105.13683 | H44: 10.53368 | I44: 105.13618 | J44: 10.53292 | K44: 160 | Q44: 1 | T44: Tuyến BTS CPH023 - hướng nhà anh Thanh | U44: 1 | V44: OK | W44: Bổ sung hạ tầng đan xen tuyến hiện tại
A45: 007 - K2 Chủ Mỹ OLT - S2-007 - K1 Chủ Mỹ 8 CUỐI | B45: 40 | C45: Châu Phú | D45: CPH023 | E45: S2-TMT-Anh Thanh 15 | F45: S2-TMT-Anh Thanh 16 | G45: 105.13618 | H45: 10.53292 | I45: 105.13491 | J45: 10.53153 | K45: 210 | Q45: 1 | T45: Tuyến BTS CPH023 - hướng nhà anh Thanh | U45: 1 | V45: OK | W45: Bổ sung hạ tầng đan xen tuyến hiện tại
A46: 007 - K2 Chủ Mỹ OLT - S2-007 - K1 Chủ Mỹ 8 CUỐI | B46: 41 | C46: Châu Phú | D46: CPH023 | E46: S2-TMT-Anh Thanh 16 | F46: S2-TMT-Anh Thanh 17 | G46: 105.13491 | H46: 10.53153 | I46: 105.13424 | J46: 10.53074 | K46: 130 | Q46: 1 | T46: Tuyến BTS CPH023 - hướng nhà anh Thanh | U46: 1 | V46: OK | W46: Bổ sung hạ tầng đan xen tuyến hiện tại
A47: 007 - K2 Chủ Mỹ OLT - S2-007 - K1 Chủ Mỹ 8 CUỐI | B47: 42 | C47: Châu Phú | D47: CPH023 | E47: S2-TMT-Anh Thanh 17 | F47: S2-TMT-Anh Thanh 18 | G47: 105.13424 | H47: 10.53074 | I47: 105.13311 | J47: 10.52934 | K47: 210 | N47: 1 | Q47: 1 | T47: Tuyến BTS CPH023 - hướng nhà anh Thanh | U47: 1 | V47: OK | W47: Bổ sung hạ tầng đan xen tuyến hiện tại
A48: 007 - K2 Chủ Mỹ OLT - S2-007 - K1 Chủ Mỹ 8 CUỐI | B48: 43 | C48: Châu Phú | D48: CPH023 | E48: S2-TMT-Anh Thanh 18 | F48: S2-TMT-Anh Thanh 19 | G48: 105.13311 | H48: 10.52934 | I48: 105.13204 | J48: 10.52801 | K48: 160 | Q48: 1 | T48: Tuyến BTS CPH023 - hướng nhà anh Thanh | U48: 1 | V48: OK | W48: Bổ sung hạ tầng đan xen tuyến hiện tại
A49: 007 - K2 Chủ Mỹ OLT - S2-007 - K1 Chủ Mỹ 8 CUỐI | B49: 44 | C49: Châu Phú | D49: CPH023 | E49: S2-TMT-Anh Thanh 19 | F49: S2-TMT-Anh Thanh 20 | G49: 105.13204 | H49: 10.52801 | I49: 105.13075 | J49: 10.52661 | K49: 210 | Q49: 1 | T49: Tuyến BTS CPH023 - hướng nhà anh Thanh | U49: 1 | V49: OK | W49: Bổ sung hạ tầng đan xen tuyến hiện tại
A50: 007 - K7 Chủ Mỹ OLT - S2-007 - K7 Chủ Mỹ 8 CUỐI | B50: 45 | C50: Châu Phú | D50: CPH023 | E50: S2-TMT-Anh Thanh 20 | F50: S2-TMT-Anh Thanh 21 | G50: 105.13075 | H50: 10.52661 | I50: 105.12966 | J50: 10.52532 | K50: 160 | Q50: 1 | T50: Tuyến BTS CPH023 - hướng nhà anh Thanh | U50: 1 | V50: OK | W50: Bổ sung hạ tầng đan xen tuyến hiện tại
A51: 007 - K7 Chủ Mỹ OLT - S2-007 - K7 Chủ Mỹ 8 CUỐI | B51: 46 | C51: Châu Phú | D51: CPH023 | E51: S2-TMT-Anh Thanh 21 | F51: S2-TMT-Anh Thanh 22 | G51: 105.12966 | H51: 10.52532 | I51: 105.12851 | J51: 10.52396 | K51: 210 | N51: 1 | Q51: 1 | T51: Tuyến BTS CPH023 - hướng nhà anh Thanh | U51: 1 | V51: OK | W51: Bổ sung hạ tầng đan xen tuyến hiện tại
A52: 007 - K7 Chủ Mỹ OLT - S2-007 - K7 Chủ Mỹ 8 CUỐI | B52: 47 | C52: Châu Phú | D52: CPH023 | E52: S2-TMT-Anh Thanh 22 | F52: S2-TMT-Anh Thanh 23 | G52: 105.12851 | H52: 10.52396 | I52: 105.12755 | J52: 10.52287 | K52: 160 | Q52: 1 | T52: Tuyến BTS CPH023 - hướng nhà anh Thanh | U52: 1 | V52: OK | W52: Bổ sung hạ tầng đan xen tuyến hiện tại
A53: 007 - K7 Chủ Mỹ OLT - S2-007 - K7 Chủ Mỹ 8 CUỐI | B53: 48 | C53: Châu Phú | D53: CPH023 | E53: S2-TMT-Anh Thanh 23 | F53: S2-TMT-Anh Thanh 24 | G53: 105.12755 | H53: 10.52287 | I53: 105.12677 | J53: 10.52188 | K53: 160 | Q53: 1 | T53: Tuyến BTS CPH023 - hướng nhà anh Thanh | U53: 1 | V53: OK | W53: Bổ sung hạ tầng đan xen tuyến hiện tại
A54: 007 - K7 Chủ Mỹ OLT - S2-007 - K7 Chủ Mỹ 8 CUỐI | B54: 49 | C54: Châu Phú | D54: CPH019 | E54: Trạm CPH019 | F54: S2-CTO- Thái An 1 | G54: 105.19131 | H54: 10.65569 | I54: 105.19283 | J54: 10.65708 | K54: 240 | Q54: 1 | R54: 1 | T54: Tuyến BTS CPH019 - hướng nhà Thái An | U54: 3 | V54: OK | W54: Bổ sung hạ tầng đan xen tuyến hiện tại
A55: 007 - K7 Chủ Mỹ OLT - S2-007 - K7 Chủ Mỹ 8 CUỐI | B55: 50 | C55: Châu Phú | D55: CPH019 | E55: S2-CTO- Thái An 1 | F55: S2-CTO- Thái An 2 | G55: 105.19283 | H55: 10.65708 | I55: 105.19211 | J55: 10.65834 | K55: 160 | N55: 1 | Q55: 1 | T55: Tuyến BTS CPH019 - hướng nhà Thái An | U55: 3 | V55: OK | W55: Bổ sung hạ tầng đan xen tuyến hiện tại
A56: 007 - K7 Chủ Mỹ OLT - S2-007 - K7 Chủ Mỹ 8 CUỐI | B56: 51 | C56: Châu Phú | D56: CPH019 | E56: S2-CTO- Thái An 2 | F56: S2-CTO- Thái An 3 | G56: 105.19211 | H56: 10.65834 | I56: 105.19127 | J56: 10.65958 | K56: 160 | Q56: 1 | T56: Tuyến BTS CPH019 - hướng nhà Thái An | U56: 3 | V56: OK | W56: Bổ sung hạ tầng đan xen tuyến hiện tại
A57: 007 - K7 Chủ Mỹ OLT - S2-007 - K7 Chủ Mỹ 8 CUỐI | B57: 52 | C57: Châu Phú | D57: CPH019 | E57: S2-CTO- Thái An 3 | F57: S2-CTO- Thái An 4 | G57: 105.19127 | H57: 10.65958 | I57: 105.19021 | J57: 10.66116 | K57: 210 | Q57: 1 | T57: Tuyến BTS CPH019 - hướng nhà Thái An | U57: 3 | V57: OK | W57: Bổ sung hạ tầng đan xen tuyến hiện tại
A58: Trạm Phú Vĩnh -Đường đất Phú Vĩnh 25 | B58: 53 | C58: Châu Phú | D58: CPH019 | E58: S2-CTO- Thái An 4 | F58: S2-CTO- Thái An 5 | G58: 105.19021 | H58: 10.66116 | I58: 105.18885 | J58: 10.66258 | K58: 210 | Q58: 1 | T58: Tuyến BTS CPH019 - hướng nhà Thái An | U58: 3 | V58: OK | W58: Bổ sung hạ tầng đan xen tuyến hiện tại
A59: Trạm Phú Vĩnh -Đường đất Phú Vĩnh 25 | B59: 54 | C59: Châu Phú | D59: CPH019 | E59: S2-CTO- Thái An 5 | F59: S2-CTO- Thái An 6 | G59: 105.18885 | H59: 10.66258 | I59: 105.18728 | J59: 10.66369 | K59: 210 | N59: 1 | Q59: 1 | T59: Tuyến BTS CPH019 - hướng nhà Thái An | U59: 3 | V59: OK | W59: Bổ sung hạ tầng đan xen tuyến hiện tại
A60: Trạm Phú Vĩnh -Đường đất Phú Vĩnh 25 | B60: 55 | C60: Châu Phú | D60: CPH019 | E60: S2-CTO- Thái An 6 | F60: S2-CTO- Thái An 7 | G60: 105.18728 | H60: 10.66369 | I60: 105.18562 | J60: 10.66469 | K60: 210 | Q60: 1 | T60: Tuyến BTS CPH019 - hướng nhà Thái An | U60: 3 | V60: OK | W60: Bổ sung hạ tầng đan xen tuyến hiện tại
A61: Trạm Phú Vĩnh -Đường đất Phú Vĩnh 25 | B61: 56 | C61: Châu Phú | D61: CPH019 | E61: S2-CTO- Thái An 7 | F61: S2-CTO- Thái An 8 | G61: 105.18562 | H61: 10.66469 | I61: 105.18417 | J61: 10.66526 | K61: 210 | Q61: 1 | T61: Tuyến BTS CPH019 - hướng nhà Thái An | U61: 3 | V61: OK | W61: Bổ sung hạ tầng đan xen tuyến hiện tại
A62: Trạm Phú Vĩnh -Đường đất Phú Vĩnh 25 | B62: 57 | C62: Châu Phú | D62: CPH019 | E62: S2-CTO- Thái An 8 | F62: S2-CTO- Thái An 9 | G62: 105.18417 | H62: 10.66526 | I62: 105.18222 | J62: 10.66568 | K62: 210 | Q62: 1 | T62: Tuyến BTS CPH019 - hướng nhà Thái An | U62: 3 | V62: OK | W62: Bổ sung hạ tầng đan xen tuyến hiện tại
A63: Trạm Phú Vĩnh -Đường đất Phú Vĩnh 25 | B63: 58 | C63: Châu Phú | D63: CPH019 | E63: S2-CTO- Thái An 9 | F63: S2-CTO- Thái An 10 | G63: 105.18222 | H63: 10.66568 | I63: 105.18037 | J63: 10.66604 | K63: 210 | N63: 1 | Q63: 1 | T63: Tuyến BTS CPH019 - hướng nhà Thái An | U63: 3 | V63: OK | W63: Bổ sung hạ tầng đan xen tuyến hiện tại
A64: Trạm Phú Vĩnh -Đường đất Phú Vĩnh 25 | B64: 59 | C64: Châu Phú | D64: CPH019 | E64: S2-CTO- Thái An 10 | F64: S2-CTO- Thái An 11 | G64: 105.18037 | H64: 10.66604 | I64: 105.17914 | J64: 10.66635 | K64: 210 | Q64: 1 | T64: Tuyến BTS CPH019 - hướng nhà Thái An | U64: 3 | V64: OK | W64: Bổ sung hạ tầng đan xen tuyến hiện tại
A65: Trạm Phú Vĩnh -Đường đất Phú Vĩnh 25 | B65: 60 | C65: Châu Phú | D65: CPH019 | E65: S2-CTO- Thái An 11 | F65: S2-CTO- Thái An 12 | G65: 105.17914 | H65: 10.66635 | I65: 105.17727 | J65: 10.66636 | K65: 210 | Q65: 1 | T65: Tuyến BTS CPH019 - hướng nhà Thái An | U65: 3 | V65: OK | W65: Bổ sung hạ tầng đan xen tuyến hiện tại
A66: Trạm Phú Vĩnh -Đường đất Phú Vĩnh 25 | B66: 61 | C66: Châu Phú | D66: CPH019 | E66: Trạm CPH019 | F66: S2-CTO-KDC Kênh 2-1 | G66: 105.19131 | H66: 10.65569 | I66: 105.19089 | J66: 10.65768 | K66: 450 | Q66: 1 | R66: 1 | T66: Tuyến BTS CPH019 - Kênh 2 | U66: 3 | V66: OK | W66: Bổ sung hạ tầng đan xen tuyến hiện tại
A67: Trạm Phú Vĩnh -Đường đất Phú Vĩnh 25 | B67: 62 | C67: Châu Phú | D67: CPH019 | E67: S2-CTO-KDC Kênh 2-1 | F67: S2-CTO-KDC Kênh 2-2 | G67: 105.19089 | H67: 10.65768 | I67: 105.18909 | J67: 10.65737 | K67: 160 | N67: 1 | Q67: 1 | T67: Tuyến BTS CPH019 - Kênh 2 | U67: 3 | V67: OK | W67: Bổ sung hạ tầng đan xen tuyến hiện tại
A68: Trạm Phú Vĩnh -Đường đất Phú Vĩnh 25 | B68: 63 | C68: Châu Phú | D68: CPH019 | E68: S2-CTO-KDC Kênh 2-2 | F68: S2-CTO-KDC Kênh 2-3 | G68: 105.18909 | H68: 10.65737 | I68: 105.18759 | J68: 10.65648 | K68: 210 | Q68: 1 | T68: Tuyến BTS CPH019 - Kênh 2 | U68: 3 | V68: OK | W68: Bổ sung hạ tầng đan xen tuyến hiện tại
A69: Trạm Phú Vĩnh -Đường đất Phú Vĩnh 25 | B69: 64 | C69: Châu Phú | D69: CPH019 | E69: S2-CTO-KDC Kênh 2-3 | F69: S2-CTO-KDC Kênh 2-4 | G69: 105.18759 | H69: 10.65648 | I69: 105.18646 | J69: 10.65513 | K69: 210 | Q69: 1 | T69: Tuyến BTS CPH019 - Kênh 2 | U69: 3 | V69: OK | W69: Bổ sung hạ tầng đan xen tuyến hiện tại
A70: Trạm Phú Vĩnh -Đường đất Phú Vĩnh 25 | B70: 65 | C70: Châu Phú | D70: CPH019 | E70: S2-CTO-KDC Kênh 2-4 | F70: S2-CTO-KDC Kênh 2-5 | G70: 105.18646 | H70: 10.65513 | I70: 105.18494 | J70: 10.65367 | K70: 210 | Q70: 1 | T70: Tuyến BTS CPH019 - Kênh 2 | U70: 3 | V70: OK | W70: Bổ sung hạ tầng đan xen tuyến hiện tại
A71: Trạm Phú Vĩnh -Đường đất Phú Vĩnh 25 | B71: 66 | C71: Châu Phú | D71: CPH019 | E71: S2-CTO-KDC Kênh 2-5 | F71: S2-CTO-KDC Kênh 2-6 | G71: 105.18494 | H71: 10.65367 | I71: 105.18326 | J71: 10.65204 | K71: 210 | N71: 1 | Q71: 1 | T71: Tuyến BTS CPH019 - Kênh 2 | U71: 3 | V71: OK | W71: Bổ sung hạ tầng đan xen tuyến hiện tại
A72: Trạm Phú Vĩnh -Đường đất Phú Vĩnh 25 | B72: 67 | C72: Châu Phú | D72: CPH019 | E72: S2-CTO-KDC Kênh 2-6 | F72: S2-CTO-KDC Kênh 2-7 | G72: 105.18326 | H72: 10.65204 | I72: 105.18123 | J72: 10.65004 | K72: 270 | Q72: 1 | T72: Tuyến BTS CPH019 - Kênh 2 | U72: 3 | V72: OK | W72: Bổ sung hạ tầng đan xen tuyến hiện tại
A73: Trạm Phú Vĩnh -Đường đất Phú Vĩnh 25 | B73: 68 | C73: Châu Phú | D73: CPH019 | E73: S2-CTO-KDC Kênh 2-7 | F73: S2-CTO-KDC Kênh 2-8 | G73: 105.18123 | H73: 10.65004 | I73: 105.17968 | J73: 10.64851 | K73: 240 | Q73: 1 | T73: Tuyến BTS CPH019 - Kênh 2 | U73: 3 | V73: OK | W73: Bổ sung hạ tầng đan xen tuyến hiện tại
A74: Trạm Phú Vĩnh -Đường đất Phú Vĩnh 25 | B74: 69 | C74: Châu Phú | D74: CPH019 | E74: S2-CTO-KDC Kênh 2-8 | F74: S2-CTO-KDC Kênh 2-9 | G74: 105.17968 | H74: 10.64851 | I74: 105.17795 | J74: 10.64678 | K74: 240 | Q74: 1 | T74: Tuyến BTS CPH019 - Kênh 2 | U74: 3 | V74: OK | W74: Bổ sung hạ tầng đan xen tuyến hiện tại
A75: Trạm Phú Vĩnh -Đường đất Phú Vĩnh 25 | B75: 70 | C75: Châu Phú | D75: CPH019 | E75: S2-CTO-KDC Kênh 2-9 | F75: S2-CTO-KDC Kênh 2-10 | G75: 105.17795 | H75: 10.64678 | I75: 105.17688 | J75: 10.64575 | K75: 210 | N75: 1 | Q75: 1 | T75: Tuyến BTS CPH019 - Kênh 2 | U75: 3 | V75: OK | W75: Bổ sung hạ tầng đan xen tuyến hiện tại
A76: Trạm Phú Vĩnh -Đường đất Phú Vĩnh 25 | B76: 71 | C76: Châu Phú | D76: CPH019 | E76: S2-CTO-KDC Kênh 2-10 | F76: S2-CTO-KDC Kênh 2-11 | G76: 105.17688 | H76: 10.64575 | I76: 105.17587 | J76: 10.64474 | K76: 160 | Q76: 1 | T76: Tuyến BTS CPH019 - Kênh 2 | U76: 3 | V76: OK | W76: Bổ sung hạ tầng đan xen tuyến hiện tại
A77: Trạm Phú Vĩnh -Đường đất Phú Vĩnh 25 | B77: 72 | C77: Châu Phú | D77: CPH019 | E77: S2-CTO-KDC Kênh 2-11 | F77: S2-CTO-KDC Kênh 2-12 | G77: 105.17587 | H77: 10.64474 | I77: 105.17344 | J77: 10.64245 | K77: 320 | Q77: 1 | T77: Tuyến BTS CPH019 - Kênh 2 | U77: 3 | V77: OK | W77: Bổ sung hạ tầng đan xen tuyến hiện tại
A78: Trạm Phú Vĩnh -Đường đất Phú Vĩnh 25 | B78: 73 | C78: Châu Phú | D78: CPH034 | E78: TC PHỐI PHỦ THỜ ÔNG TƯ | F78: S2-034.ZT21_Bằng Lăng 1 | G78: 105.20069 | H78: 10.64277 | I78: 105.20056 | J78: 10.64376 | K78: 160 | Q78: 1 | T78: Tuyến tủ phối Phủ thờ Ông Tư - Bằng Lăng | U78: 2 | V78: OK | W78: Bổ sung hạ tầng đan xen tuyến hiện tại
A79: Trạm Phú Vĩnh -Đường đất Phú Vĩnh 25 | B79: 74 | C79: Châu Phú | D79: CPH034 | E79: S2-034.ZT21_Bằng Lăng 1 | F79: S2-034.ZT21_Bằng Lăng 2 | G79: 105.20056 | H79: 10.64376 | I79: 105.20163 | J79: 10.64363 | K79: 160 | N79: 1 | Q79: 1 | T79: Tuyến tủ phối Phủ thờ Ông Tư - Bằng Lăng | U79: 2 | V79: OK | W79: Bổ sung hạ tầng đan xen tuyến hiện tại
A80: Trạm Phú Vĩnh -Đường đất Phú Vĩnh 25 | B80: 75 | C80: Châu Phú | D80: CPH034 | E80: S2-034.ZT21_Bằng Lăng 2 | F80: S2-034.ZT21_Bằng Lăng 3 | G80: 105.20163 | H80: 10.64363 | I80: 105.20376 | J80: 10.64309 | K80: 240 | Q80: 1 | T80: Tuyến tủ phối Phủ thờ Ông Tư - Bằng Lăng | U80: 2 | V80: OK | W80: Bổ sung hạ tầng đan xen tuyến hiện tại
A81: Trạm Phú Vĩnh -Đường đất Phú Vĩnh 25 | B81: 76 | C81: Châu Phú | D81: CPH034 | E81: S2-034.ZT21_Bằng Lăng 3 | F81: S2-034.ZT21_Bằng Lăng 4 | G81: 105.20376 | H81: 10.64309 | I81: 105.20566 | J81: 10.64292 | K81: 210 | Q81: 1 | T81: Tuyến tủ phối Phủ thờ Ông Tư - Bằng Lăng | U81: 2 | V81: OK | W81: Bổ sung hạ tầng đan xen tuyến hiện tại
A82: Trạm Phú Vĩnh -Đường đất Phú Vĩnh 25 | B82: 77 | C82: Châu Phú | D82: CPH034 | E82: S2-034.ZT21_Bằng Lăng 4 | F82: S2-034.ZT21_Bằng Lăng 5 | G82: 105.20566 | H82: 10.64292 | I82: 105.20707 | J82: 10.64185 | K82: 210 | Q82: 1 | T82: Tuyến tủ phối Phủ thờ Ông Tư - Bằng Lăng | U82: 2 | V82: OK | W82: Bổ sung hạ tầng đan xen tuyến hiện tại
A83: Tủ 96 Cốn Phó 3 - Cốn Phó 3_7 | B83: 78 | C83: Châu Phú | D83: CPH034 | E83: S2-034.ZT21_Bằng Lăng 5 | F83: S2-034.ZT21_Bằng Lăng 6 | G83: 105.20707 | H83: 10.64185 | I83: 105.20865 | J83: 10.64032 | K83: 240 | N83: 1 | Q83: 1 | T83: Tuyến tủ phối Phủ thờ Ông Tư - Bằng Lăng | U83: 2 | V83: OK | W83: Bổ sung hạ tầng đan xen tuyến hiện tại
A84: Tủ 96 Cốn Phó 3 - Cốn Phó 3_7 | B84: 79 | C84: Châu Phú | D84: CPH034 | E84: S2-034.ZT21_Bằng Lăng 6 | F84: S2-034.ZT21_Bằng Lăng 7 | G84: 105.20865 | H84: 10.64032 | I84: 105.20904 | J84: 10.63867 | K84: 210 | Q84: 1 | T84: Tuyến tủ phối Phủ thờ Ông Tư - Bằng Lăng | U84: 2 | V84: OK | W84: Bổ sung hạ tầng đan xen tuyến hiện tại
A85: Tủ 96 Cốn Phó 3 - Cốn Phó 3_7 | B85: 80 | C85: Châu Phú | D85: CPH034 | E85: S2-034.ZT21_Bằng Lăng 7 | F85: S2-034.ZT21_Bằng Lăng 8 | G85: 105.20904 | H85: 10.63867 | I85: 105.20901 | J85: 10.63672 | K85: 210 | Q85: 1 | T85: Tuyến tủ phối Phủ thờ Ông Tư - Bằng Lăng | U85: 2 | V85: OK | W85: Bổ sung hạ tầng đan xen tuyến hiện tại
A86: Tủ 96 Cốn Phó 3 - Cốn Phó 3_7 | B86: 81 | C86: Châu Phú | D86: CPH034 | E86: S2-034.ZT21_Bằng Lăng 8 | F86: S2-034.ZT21_Bằng Lăng 9 | G86: 105.20901 | H86: 10.63672 | I86: 105.20899 | J86: 10.63536 | K86: 160 | Q86: 1 | T86: Tuyến tủ phối Phủ thờ Ông Tư - Bằng Lăng | U86: 2 | V86: OK | W86: Bổ sung hạ tầng đan xen tuyến hiện tại
A87: Tủ 96 Cốn Phó 3 - Cốn Phó 3_7 | B87: 82 | C87: Châu Phú | D87: CPH034 | E87: S2-034.ZT21_Bằng Lăng 9 | F87: S2-034.ZT21_Bằng Lăng 10 | G87: 105.20899 | H87: 10.63536 | I87: 105.20896 | J87: 10.63408 | K87: 160 | N87: 1 | Q87: 1 | T87: Tuyến tủ phối Phủ thờ Ông Tư - Bằng Lăng | U87: 2 | V87: OK | W87: Bổ sung hạ tầng đan xen tuyến hiện tại
A88: Tủ 96 Cốn Phó 3 - Cốn Phó 3_7 | B88: 83 | C88: Châu Phú | D88: CPH034 | E88: S2-034.ZT21_Bằng Lăng 10 | F88: S2-034.ZT21_Bằng Lăng 11 | G88: 105.20896 | H88: 10.63408 | I88: 105.20883 | J88: 10.63212 | K88: 210 | Q88: 1 | T88: Tuyến tủ phối Phủ thờ Ông Tư - Bằng Lăng | U88: 2 | V88: OK | W88: Bổ sung hạ tầng đan xen tuyến hiện tại
A89: Tủ 96 Cốn Phó 3 - Cốn Phó 3_7 | B89: 84 | C89: Châu Phú | D89: CPH034 | E89: S2-034.ZT21_Bằng Lăng 11 | F89: S2-034.ZT21_Bằng Lăng 12 | G89: 105.20883 | H89: 10.63212 | I89: 105.20879 | J89: 10.62912 | K89: 320 | Q89: 1 | T89: Tuyến tủ phối Phủ thờ Ông Tư - Bằng Lăng | U89: 2 | V89: OK | W89: Bổ sung hạ tầng đan xen tuyến hiện tại

Sheet PTN_OK
B1: VTAG - TỔNG HỢP NHU CẦU CÁP QUANG GPON 2026
B3: TỔNG CỘNG: | I3: TTVT PHÚ TÂN | K3: =SUMIF($C$6:$C$4299,"Phú Tân",K6:K4299) -> 10000 | L3: =SUMIF($C$6:$C$4299,"Phú Tân",L6:L4299) -> 0 | M3: =SUMIF($C$6:$C$4299,"Phú Tân",M6:M4299) -> 0 | N3: =SUMIF($C$6:$C$4299,"Phú Tân",N6:N4299) -> 18 | O3: =SUMIF($C$6:$C$4299,"Phú Tân",O6:O4299) -> 0 | P3: =SUMIF($C$6:$C$4299,"Phú Tân",P6:P4299) -> 0 | Q3: =SUMIF($C$6:$C$4299,"Phú Tân",Q6:Q4299) -> 61 | R3: =SUMIF($C$6:$C$4299,"Phú Tân",R6:R4299) -> 0
A4: TUYẾN TỔNG HỢP | B4: STT | C4: Đơn vị | D4: OLT | E4: ĐIỂM ĐẦU A | F4: ĐIỂM ĐẦU B | G4: Tọa độ A | I4: Tọa độ B | K4: Cáp quang 6FO(m) | L4: Cáp quang 12FO(m) | M4: Cáp quang 24FO(m) | N4: SP 1:4 | O4: SP 1: 8 (S1) | P4: SP 1: 8 (S2) | Q4: SP 1: 16 | R4: ODF | S4: Ghi chú | T4: Thông tin bên Biểu 3_MẠNg GPON | U4: Mức độ Ưu tiên từ 1-3 | V4: TTHT CHECK
G5: Long | H5: lat | I5: Long | J5: lat | K5: =SUBTOTAL(9,K6:K3929) -> 10000 | L5: =SUBTOTAL(9,L6:L3929) -> 0 | M5: =SUBTOTAL(9,M6:M3929) -> 0 | N5: =SUBTOTAL(9,N6:N3929) -> 18 | O5: =SUBTOTAL(9,O6:O3929) -> 0 | P5: =SUBTOTAL(9,P6:P3929) -> 0 | Q5: =SUBTOTAL(9,Q6:Q3929) -> 61 | R5: =SUBTOTAL(9,R6:R3929) -> 0 | V5: KẾT QUẢ | W5: LÍ DO
A6: 6FO hướng Vĩnh Hoà - S2-Trên cao tốc Kênh Ngang Huệ Đức | B6: 1 | C6: Phú Tân | D6: PTA024/24M | E6: AGG.PTN.024.OLT.ZT21.3.1.3_BTS PHP 02 | F6: AGG.PTN.024.OLT.ZT21.3.1.1 | G6: 105.15517 | H6: 10.7061 | I6: 105.15356 | J6: 10.7065 | K6: 200 | N6: 1 | Q6: 1 | S6: Nâng dung lượng + PTM | T6: Tuyến PTA024 hướng lên | U6: 1 | V6: OK | W6: Nâng cao năng lực vùng hiện hữu
A7: 6FO hướng Vĩnh Hoà - S2-Trên cao tốc Kênh Ngang Huệ Đức | B7: 2 | C7: Phú Tân | D7: PTA024/24M | E7: AGG.PTN.024.OLT.ZT21.3.1.1 | F7: AGG.PTN.024.OLT.ZT21.3.1.4_Lò sấy Châu Phong | G7: 105.15356 | H7: 10.7065 | I7: 105.15296 | J7: 10.70666 | K7: 100 | S7: Nâng dung lượng + PTM | T7: Tuyến PTA024 hướng lên | U7: 1 | V7: OK | W7: Nâng cao năng lực vùng hiện hữu
A8: 6FO hướng Vĩnh Hoà - S2-Trên cao tốc Kênh Ngang Huệ Đức | B8: 3 | C8: Phú Tân | D8: PTA024/24M | E8: AGG.PTN.024.OLT.ZT21.3.1.4_Lò sấy Châu Phong | F8: AGG.PTN.024.OLT.ZT21.3.1.2 | G8: 105.15296 | H8: 10.70666 | I8: 105.15175 | J8: 10.707 | K8: 170 | Q8: 1 | S8: Nâng dung lượng + PTM | T8: Tuyến PTA024 hướng lên | U8: 1 | V8: OK | W8: Nâng cao năng lực vùng hiện hữu
A9: 6FO hướng Vĩnh Hoà - S2-Trên cao tốc Kênh Ngang Huệ Đức | B9: 4 | C9: Phú Tân | D9: PTA024/24M | E9: AGG.PTN.024.OLT.ZT21.3.1.2 | F9: AGG.PTN.024.OLT.ZT21.3.2.2 | G9: 105.15175 | H9: 10.707 | I9: 105.15303 | J9: 10.70826 | K9: 500 | Q9: 1 | S9: Nâng dung lượng + PTM | T9: Tuyến PTA024 hướng lên | U9: 1 | V9: OK | W9: Nâng cao năng lực vùng hiện hữu
A10: ODF 6F0 CTH019 hướng Vĩnh Thành - S2-Kênh Ba Mạnh | B10: 5 | C10: Phú Tân | D10: PTA024/24M | E10: AGG.PTN.024.OLT.ZT21.3.2.2 | F10: AGG.PTN.024.OLT.ZT21.3.2.3_Cấp 2 PHP | G10: 105.15303 | H10: 10.70826 | I10: 105.15455 | J10: 10.70819 | K10: 200 | N10: 1 | S10: Nâng dung lượng + PTM | T10: Tuyến PTA024 hướng lên | U10: 1 | V10: OK | W10: Nâng cao năng lực vùng hiện hữu
A11: ODF 6F0 CTH019 hướng Vĩnh Thành - S2-Kênh Ba Mạnh | B11: 6 | C11: Phú Tân | D11: PTA024/24M | E11: AGG.PTN.024.OLT.ZT21.3.2.3_Cấp 2 PHP | F11: AGG.PTN.024.OLT.ZT21.3.2.4 | G11: 105.15455 | H11: 10.70819 | I11: 105.15522 | J11: 10.70809 | K11: 100 | Q11: 1 | S11: Nâng dung lượng + PTM | T11: Tuyến PTA024 hướng lên | U11: 1 | V11: OK | W11: Nâng cao năng lực vùng hiện hữu
A12: ODF 6F0 CTH019 hướng Vĩnh Thành - S2-Kênh Ba Mạnh | B12: 7 | C12: Phú Tân | D12: PTA024/24M | E12: AGG.PTN.024.OLT.ZT21.3.2.4 | F12: AGG.PTN.024.OLT.ZT21.3.2.1_Trương Tiểu học PHP | G12: 105.15522 | H12: 10.70809 | I12: 105.15567 | J12: 10.70793 | K12: 80 | S12: Nâng dung lượng + PTM | T12: Tuyến PTA024 hướng lên | U12: 1 | V12: OK | W12: Nâng cao năng lực vùng hiện hữu
A13: ODF 6F0 CTH019 hướng Vĩnh Thành - S2-Kênh Ba Mạnh | B13: 8 | C13: Phú Tân | D13: PTA024/24M | E13: AGG.PTN.024.OLT.ZT21.3.2.4 | F13: AGG.PTN.024.OLT.ZT21.3.3.4_Thu Ba | G13: 105.15522 | H13: 10.70809 | I13: 105.15522 | J13: 10.70861 | K13: 100 | Q13: 1 | S13: Nâng dung lượng + PTM | T13: Tuyến PTA024 hướng lên | U13: 1 | V13: OK | W13: Nâng cao năng lực vùng hiện hữu
A14: ODF 6F0 CTH019 hướng Vĩnh Thành - S2-Kênh Ba Mạnh | B14: 9 | C14: Phú Tân | D14: PTA024/24M | E14: AGG.PTN.024.OLT.ZT21.3.3.4_Thu Ba | F14: AGG.PTN.024.OLT.ZT21.3.3.1 | G14: 105.15522 | H14: 10.70861 | I14: 105.15375 | J14: 10.70874 | K14: 200 | N14: 1 | Q14: 1 | S14: Nâng dung lượng + PTM | T14: Tuyến PTA024 hướng lên | U14: 1 | V14: OK | W14: Nâng cao năng lực vùng hiện hữu
A15: ODF 6F0 CTH019 hướng Vĩnh Thành - S2-Kênh Ba Mạnh | B15: 10 | C15: Phú Tân | D15: PTA024/24M | E15: AGG.PTN.024.OLT.ZT21.3.3.4_Thu Ba | F15: AGG.PTN.024.OLT.ZT21.3.3.3 | G15: 105.15522 | H15: 10.70861 | I15: 105.15588 | J15: 10.70834 | K15: 100 | Q15: 1 | S15: Nâng dung lượng + PTM | T15: Tuyến PTA024 hướng lên | U15: 1 | V15: OK | W15: Nâng cao năng lực vùng hiện hữu
A16: ODF 6F0 CTH019 hướng Vĩnh Thành - S2-Kênh Ba Mạnh | B16: 11 | C16: Phú Tân | D16: PTA024/24M | E16: AGG.PTN.024.OLT.ZT21.3.3.3 | F16: AGG.PTN.024.OLT.ZT21.3.3.2_KDC Phú Hiệp (dưới | G16: 105.15588 | H16: 10.70384 | I16: 105.15631 | J16: 10.70819 | K16: 100 | S16: Nâng dung lượng + PTM | T16: Tuyến PTA024 hướng lên | U16: 1 | V16: OK | W16: Nâng cao năng lực vùng hiện hữu
A17: ODF 6F0 CTH019 hướng Vĩnh Thành - S2-Kênh Ba Mạnh | B17: 12 | C17: Phú Tân | D17: PTA024/24M | E17: AGG.PTN.024.OLT.ZT21.3.4.2_Căn nhà màu đỏ | F17: AGG.PTN.024.OLT.ZT21.3.4.3 | G17: 105.15597 | H17: 10.70592 | I17: 105.15691 | J17: 10.70571 | Q17: 1 | S17: Nâng dung lượng + PTM | T17: Tuyến PTA024 hướng xuống | U17: 1 | V17: OK | W17: Nâng cao năng lực vùng hiện hữu
A18: ODF 6F0 CTH019 hướng Vĩnh Thành - S2-Kênh Ba Mạnh | B18: 13 | C18: Phú Tân | D18: PTA024/24M | E18: AGG.PTN.024.OLT.ZT21.3.4.1_Điện cơ Tánh | F18: AGG.PTN.024.OLT.ZT21.3.4.4 | G18: 105.16008 | H18: 10.70495 | I18: 105.15895 | J18: 10.70521 | Q18: 1 | S18: Nâng dung lượng + PTM | T18: Tuyến PTA024 hướng xuống | U18: 1 | V18: OK | W18: Nâng cao năng lực vùng hiện hữu
A19: ODF 6F0 CTH019 hướng Vĩnh Thành - S2-Kênh Ba Mạnh | B19: 14 | C19: Phú Tân | D19: PTA024/24M | E19: AGG.PTN.024.OLT.ZT21.3.6.1_Cây Xăng Nhân Dung | F19: AGG.PTN.024.OLT.ZT21.3.6.4 | G19: 105.16392 | H19: 10.70526 | I19: 105.16513 | J19: 10.70506 | Q19: 1 | S19: Nâng dung lượng + PTM | T19: Tuyến PTA024 hướng xuống | U19: 1 | V19: OK | W19: Nâng cao năng lực vùng hiện hữu
A20: PTN.PLG.OLT.ZT11.1.11.2_Đường ra số 5 - Phong 1_1 | B20: 15 | C20: Phú Tân | D20: PTA024/24M | E20: AGG.PTN.024.OLT.ZT21.3.8.4_Vườn Mai | F20: AGG.PTN.024.OLT.ZT21.3.8.2 | G20: 105.16531 | H20: 10.70377 | I20: 105.16395 | J20: 10.70408 | Q20: 1 | S20: Nâng dung lượng + PTM | T20: Tuyến PTA024 hướng xuống | U20: 1 | V20: OK | W20: Nâng cao năng lực vùng hiện hữu
A21: PTN.PLG.OLT.ZT11.1.11.2_Đường ra số 5 - Phong 1_1 | B21: 16 | C21: Phú Tân | D21: PTA015/PLG | E21: PTN.PLG.OLT.ZT11.1.16.2_đường ra HLC | F21: Phong 2 | G21: 105.227827 | H21: 10.725088 | I21: 105.22198 | J21: 10.721094 | Q21: 1 | S21: Nâng dung lượng + PTM | T21: Tuyến PLG hướng HLC | U21: 1 | V21: OK | W21: Nâng cao năng lực vùng hiện hữu
A22: PTN.PLG.OLT.ZT11.1.8.1_Kho Phước Thành - CX Khánh Phương | B22: 17 | C22: Phú Tân | D22: PTA015/PLG | E22: PTN.PLG.OLT.ZT11.1.16.1_ranh PLG-HLC | F22: Phong 3 | G22: 105.216006 | H22: 10.717167 | I22: 105.21794 | J22: 10.713398 | K22: 500 | Q22: 1 | S22: Nâng dung lượng + PTM | T22: Tuyến PLG hướng HLC | U22: 1 | V22: OK | W22: Nâng cao năng lực vùng hiện hữu
A23: PTN.PLG.OLT.ZT11.1.8.1_Kho Phước Thành - CX Khánh Phương | B23: 18 | C23: Phú Tân | D23: PTA015/PLG | E23: PTN.PLG.OLT.ZT11.1.4.1_Thọ An | F23: PTN.PLG.OLT.ZT11.1.4.3_Trên Thọ An | G23: 105.238381 | H23: 10.713129 | I23: 105.23799 | J23: 10.714019 | K23: 150 | S23: Nâng dung lượng + PTM | T23: Tuyến Thọ An hướng lên | U23: 1 | V23: OK | W23: Nâng cao năng lực vùng hiện hữu
A24: PTN.PLG.OLT.ZT11.1.8.1_Kho Phước Thành - CX Khánh Phương | B24: 19 | C24: Phú Tân | D24: PTA015/PLG | E24: PTN.PLG.OLT.ZT11.1.4.3_Trên Thọ An | F24: Phong 5 | G24: 105.23799 | H24: 10.714019 | I24: 105.23747 | J24: 10.714981 | K24: 150 | Q24: 1 | S24: Nâng dung lượng + PTM | T24: Tuyến Thọ An hướng lên | U24: 1 | V24: OK | W24: Nâng cao năng lực vùng hiện hữu
A25: VT PHÚ THÀNH - Phong 24 | B25: 20 | C25: Phú Tân | D25: PTA015/PLG | E25: PTN.PLG.OLT.ZT11.1.5.4_Hai Thái | F25: Phong 6 | G25: 105.239648 | H25: 10.709779 | I25: 105.23914 | J25: 10.711253 | K25: 270 | Q25: 1 | S25: Nâng dung lượng + PTM | T25: Tuyến Hai Thái hướng lên | U25: 1 | V25: OK | W25: Nâng cao năng lực vùng hiện hữu
A26: VT PHÚ THÀNH - Phong 24 | B26: 21 | C26: Phú Tân | D26: PTA017/PTH | E26: PTN.PTH.OLT.ZT11.2.9.3_Mobi Phú Thành | F26: Phong 7 | G26: 105.241575 | H26: 10.704453 | I26: 105.24122 | J26: 10.703894 | K26: 200 | Q26: 1 | S26: Nâng dung lượng + PTM | T26: Tuyến Mobi Phú Thành hướng lên | U26: 1 | V26: OK | W26: Nâng cao năng lực vùng hiện hữu
A27: VT PHÚ THÀNH - Phong 24 | B27: 22 | C27: Phú Tân | D27: PTA017/PTH | E27: PTN.PTH.OLT.ZT11.1.15.1_Ông Quới | F27: Phong 16 | G27: 105.243594 | H27: 10.698717 | I27: 105.24291 | J27: 10.699429 | K27: 200 | Q27: 1 | S27: Nâng dung lượng + PTM | T27: Tuyến ông Quới vượt sông | U27: 1 | V27: OK | W27: Nâng cao năng lực vùng hiện hữu
A28: VT PHÚ THÀNH - Phong 24 | B28: 23 | C28: Phú Tân | D28: PTA017/PTH | E28: PTN.PTH.OLT.ZT11.2.5.3_Ông Mơ | F28: PTN.PTH.OLT.ZT11.1.2.1_Bên sông Tuấn xã Đoàn | G28: 105.245012 | H28: 10.695015 | I28: 105.243928 | J28: 10.696429 | K28: 500 | S28: Nâng dung lượng + PTM | T28: Ông Mơ vượt sông hướng xuống | U28: 1 | V28: OK | W28: Nâng cao năng lực vùng hiện hữu
A29: Nhà Trọ Tú Anh - Nhà Thị Hạnh | B29: 24 | C29: Phú Tân | D29: PTA017/PTH | E29: PTN.PTH.OLT.ZT11.1.2.1_Bên sông Tuấn xã Đoàn | F29: PTN.PTH.OLT.ZT11.2.5.2_Ông Thứ | G29: 105.243928 | H29: 10.696429 | I29: 105.2454 | J29: 10.692516 | K29: 500 | S29: Nâng dung lượng + PTM | T29: Ông Mơ vượt sông hướng xuống | U29: 1 | V29: OK | W29: Nâng cao năng lực vùng hiện hữu
A30: Nhà Trọ Tú Anh - Nhà Thị Hạnh | B30: 25 | C30: Phú Tân | D30: PTA017/PTH | E30: PTN.PTH.OLT.ZT11.2.5.2_Ông Thứ | F30: Dưới Ông Thứ | G30: 105.2454 | H30: 10.692516 | I30: 105.24599 | J30: 10.690795 | K30: 200 | Q30: 1 | S30: Nâng dung lượng + PTM | T30: Ông Mơ vượt sông hướng xuống | U30: 1 | V30: OK | W30: Nâng cao năng lực vùng hiện hữu
A31: Nhà Trọ Tú Anh - Nhà Thị Hạnh | B31: 26 | C31: Phú Tân | D31: PTA017/PTH | E31: Dưới Ông Thứ | F31: PTN.PTH.OLT.ZT11.1.5.3_Vườn Dừa | G31: 105.24599 | H31: 10.690795 | I31: 105.246572 | J31: 10.689424 | K31: 220 | S31: Nâng dung lượng + PTM | T31: Ông Mơ vượt sông hướng xuống | U31: 1 | V31: OK | W31: Nâng cao năng lực vùng hiện hữu
A32: Nhà Trọ Tú Anh - Nhà Thị Hạnh | B32: 27 | C32: Phú Tân | D32: PTA017/PTH | E32: PTN.PTH.OLT.ZT11.2.3.1_Tám Đậu | F32: Phong 8 | G32: 105.247823 | H32: 10.685964 | I32: 105.24727 | J32: 10.687144 | Q32: 1 | S32: Nâng dung lượng + PTM | T32: Tám Đạu hướng lên | U32: 1 | V32: OK | W32: Nâng cao năng lực vùng hiện hữu
A33: Nhà Trọ Tú Anh - Nhà Thị Hạnh | B33: 28 | C33: Phú Tân | D33: PTA017/PTH | E33: PTN.PTH.OLT.ZT11.1.9.1_Vũ Linh | F33: Phong 9 | G33: 105.247147 | H33: 10.679741 | I33: 105.24596 | J33: 10.679311 | K33: 160 | N33: 1 | Q33: 1 | S33: Nâng dung lượng + PTM | T33: Vũ Linh hương Vũ Linh 2 | U33: 1 | V33: OK | W33: Nâng cao năng lực vùng hiện hữu
A34: Nhà Trọ Tú Anh - Nhà Thị Hạnh | B34: 29 | C34: Phú Tân | D34: PTA017/PTH | E34: Phong 9 | F34: PTN.PTH.OLT.ZT11.1.9.4_Vũ Linh 2 | G34: 105.24596 | H34: 10.679311 | I34: 105.244422 | J34: 10.678787 | K34: 200 | S34: Nâng dung lượng + PTM | T34: Vũ Linh hương Vũ Linh 3 | U34: 1 | V34: OK | W34: Nâng cao năng lực vùng hiện hữu
A35: Cà Phê Thanh Thảo 2 - Cổng Chùa Sóc Tức | B35: 30 | C35: Phú Tân | D35: PTA017/PTH | E35: PTN.PTH.OLT.ZT11.2.11.4_Ông Ngoan | F35: Phong 11 | G35: 105.254862 | H35: 10.673324 | I35: 105.25541 | J35: 10.671742 | N35: 1 | Q35: 1 | S35: Nâng dung lượng + PTM | T35: Ông Ngoan vượt sông | U35: 1 | V35: OK | W35: Nâng cao năng lực vùng hiện hữu
A36: Cà Phê Thanh Thảo 2 - Cổng Chùa Sóc Tức | B36: 31 | C36: Phú Tân | D36: PTA017/PTH | E36: PTN.PTH.OLT.ZT11.1.3.1_Bà Chi | F36: Phong 10 | G36: 105.25263 | H36: 10.675788 | I36: 105.2541 | J36: 10.673483 | Q36: 1 | S36: Nâng dung lượng + PTM | T36: Bà chi kéo xuống | U36: 1 | V36: OK | W36: Nâng cao năng lực vùng hiện hữu
A37: Ngã 4 Ba Xoài - Nhà Mẹ Chị Liễu | B37: 32 | C37: Phú Tân | D37: PTA028/28M | E37: AGG.PTN.28M.OLT.ZT11.1.4.1_Chú Sút | F37: Phong 12 | G37: 105.269962 | H37: 10.651211 | I37: 105.27098 | J37: 10.64977 | K37: 220 | N37: 1 | Q37: 1 | S37: Nâng dung lượng + PTM | T37: Chú Sút kéo xuống | U37: 1 | V37: OK | W37: Nâng cao năng lực vùng hiện hữu
A38: Ngã 4 Ba Xoài - Nhà Mẹ Chị Liễu | B38: 33 | C38: Phú Tân | D38: PTA028/28M | E38: AGG.PTN.28M.OLT.ZT11.1.4.2_2 cây me chua | F38: Phong 13 | G38: 105.270965 | H38: 10.650503 | I38: 105.27175 | J38: 10.649458 | K38: 180 | Q38: 1 | S38: Nâng dung lượng + PTM | T38: Cây Me kéo xuống | U38: 1 | V38: OK | W38: Nâng cao năng lực vùng hiện hữu
A39: Ngã 4 Ba Xoài - Nhà Mẹ Chị Liễu | B39: 34 | C39: Phú Tân | D39: PTA028/28M | E39: AGG.PTN.28M.OLT.ZT11.1.4.3_Bác sĩ Dẻo | F39: Phong 17 | G39: 105.271035 | H39: 10.651872 | I39: 105.27329 | J39: 10.648689 | K39: 500 | Q39: 1 | S39: Nâng dung lượng + PTM | T39: BS Dẻo kéo xuống | U39: 1 | V39: OK | W39: Nâng cao năng lực vùng hiện hữu
A40: Ngã 4 Ba Xoài - Nhà Mẹ Chị Liễu | B40: 35 | C40: Phú Tân | D40: PTA017/PTH | E40: PTN.PTH.OLT.ZT11.1.7.3_Công An Phú Thành | F40: Phong 14 | G40: 105.25133 | H40: 10.68259 | I40: 105.2509 | J40: 10.68331 | Q40: 1 | S40: Nâng dung lượng + PTM | T40: Tuyến PTA01- CA Phú Thành | U40: 1 | V40: OK | W40: Nâng cao năng lực vùng hiện hữu
A41: Ngã 4 Ba Xoài - Nhà Mẹ Chị Liễu | B41: 36 | C41: Phú Tân | D41: PTA017/PTH | E41: PTN.PTH.OLT.ZT11.1.13.3_PHẾ LIỆU | F41: Phong 21 | G41: 105.255802 | H41: 10.684124 | I41: 105.25779 | J41: 10.685768 | K41: 330 | N41: 1 | Q41: 1 | S41: Nâng dung lượng + PTM | T41: Tuyến Phế Liệu hướng K16 | U41: 1 | V41: OK | W41: Nâng cao năng lực vùng hiện hữu
A42: Ngã 4 Chùa Hoạch Cô - Nhà Hài Tân | B42: 37 | C42: Phú Tân | D42: PTA028/28M | E42: AGG.PTN.28M.OLT.ZT11.1.1.1_Giang điện cơ | F42: Phong 18 | G42: 105.268468 | H42: 10.655553 | I42: 105.26938 | J42: 10.654234 | K42: 200 | Q42: 1 | S42: Nâng dung lượng + PTM | T42: Giang Điện cơ kéo xuống | U42: 1 | V42: OK | W42: Nâng cao năng lực vùng hiện hữu
A43: Ngã 4 Bà Dững - Nhà Trọ Tú Anh | B43: 38 | C43: Phú Tân | D43: PTA028/28M | E43: AGG.PTN.28M.OLT.ZT11.1.15.2_Kỳ Anh Quán | F43: Phong 19 | G43: 105.26203 | H43: 10.66443 | I43: 105.26286 | J43: 10.663342 | Q43: 1 | S43: Nâng dung lượng + PTM | T43: Tuyến Trường B PTH - Kỳ Anh Quán | U43: 1 | V43: OK | W43: Nâng cao năng lực vùng hiện hữu
A44: Ngã 4 Bà Dững - Nhà Trọ Tú Anh | B44: 39 | C44: Phú Tân | D44: PTA017/PTH | E44: PTN.PTH.OLT.ZT11.1.10.1_ Ong Bung | F44: Phong 20 | G44: 105.259382 | H44: 10.668094 | I44: 105.25926 | J44: 10.668417 | N44: 1 | Q44: 1 | S44: Nâng dung lượng + PTM | T44: Ông Bưng kéo lên | U44: 1 | V44: OK | W44: Nâng cao năng lực vùng hiện hữu
A45: Đầu Xóm Cây Khoa - Xóm Trong Cây Khoa | B45: 40 | C45: Phú Tân | D45: PTA014/PHG | E45: PTN.PHG.OLT.A21.2.2.1_Cầu Phú Xuân | F45: Khai 1 | G45: 105.30952 | H45: 10.59281 | I45: 105.31019 | J45: 10.59334 | N45: 1 | Q45: 1 | S45: Nâng dung lượng + PTM | T45: Tuyến cầu PXN hướng kênh 3 Xã | U45: 1 | V45: OK | W45: Nâng cao năng lực vùng hiện hữu
A46: Đầu Xóm Cây Khoa - Xóm Trong Cây Khoa | B46: 41 | C46: Phú Tân | D46: PTA014/PHG | E46: Khai 1 | F46: Khai 2 | G46: 105.31019 | H46: 10.59334 | I46: 105.31108 | J46: 10.59417 | Q46: 1 | S46: Nâng dung lượng + PTM | T46: Tuyến cầu PXN hướng kênh 3 Xã | U46: 1 | V46: OK | W46: Nâng cao năng lực vùng hiện hữu
A47: TH Cây Khoa - Sau Trường Học | B47: 42 | C47: Phú Tân | D47: PTA014/PHG | E47: Khai 2 | F47: Khai 3 | G47: 105.31108 | H47: 10.59417 | I47: 105.31196 | J47: 10.59507 | Q47: 1 | S47: Nâng dung lượng + PTM | T47: Tuyến cầu PXN hướng kênh 3 Xã | U47: 1 | V47: OK | W47: Nâng cao năng lực vùng hiện hữu
A48: TH Cây Khoa - Sau Trường Học | B48: 43 | C48: Phú Tân | D48: PTA014/PHG | E48: Khai 3 | F48: Khai 4 | G48: 105.31196 | H48: 10.59507 | I48: 105.3145 | J48: 10.59642 | Q48: 1 | S48: Nâng dung lượng + PTM | T48: Tuyến cầu PXN hướng kênh 3 Xã | U48: 1 | V48: OK | W48: Nâng cao năng lực vùng hiện hữu
A49: TH Cây Khoa - Sau Trường Học | B49: 44 | C49: Phú Tân | D49: PTA014/PHG | E49: Khai 4 | F49: Khai 5 | G49: 105.3145 | H49: 10.59642 | I49: 105.31543 | J49: 10.5976 | N49: 1 | Q49: 1 | S49: Nâng dung lượng + PTM | T49: Tuyến cầu PXN hướng kênh 3 Xã | U49: 1 | V49: OK | W49: Nâng cao năng lực vùng hiện hữu
A50: TH Cây Khoa - Sau Trường Học | B50: 45 | C50: Phú Tân | D50: PTA014/PHG | E50: Khai 5 | F50: Khai 6 | G50: 105.31543 | H50: 10.5976 | I50: 105.31774 | J50: 10.59672 | Q50: 1 | S50: Nâng dung lượng + PTM | T50: Tuyến cầu PXN hướng kênh 3 Xã | U50: 1 | V50: OK | W50: Nâng cao năng lực vùng hiện hữu
A51: TH Cây Khoa - Sau Trường Học | B51: 46 | C51: Phú Tân | D51: PTA014/PHG | E51: Khai 6 | F51: Khai 7 | G51: 105.31774 | H51: 10.59672 | I51: 105.31822 | J51: 10.59655 | Q51: 1 | S51: Nâng dung lượng + PTM | T51: Tuyến cầu PXN hướng kênh 3 Xã | U51: 1 | V51: OK | W51: Nâng cao năng lực vùng hiện hữu
A52: TH Cây Khoa - Sau Trường Học | B52: 47 | C52: Phú Tân | D52: PTA014/PHG | E52: PHG.1.9.4_Lò sấy Bé Tám | F52: Khai 7-1 | G52: 105.32016 | H52: 10.597025 | I52: 105.32034 | J52: 10.59791 | Q52: 1 | S52: Nâng dung lượng + PTM | T52: Tuyến cầu PXN hướng kênh 3 Xã | U52: 1 | V52: OK | W52: Nâng cao năng lực vùng hiện hữu
A53: BTS023 - Sau BTS Viettel | B53: 48 | C53: Phú Tân | D53: PTA014/PHG | E53: PTN.PHG.OLT.A21.1.8.1_Mai Quốc Thái | F53: Khai 8 | G53: 105.32764 | H53: 10.5981 | I53: 105.32743 | J53: 10.59804 | N53: 1 | Q53: 1 | S53: Nâng dung lượng + PTM | T53: Tuyến Kênh 3 Xã hướng PMY | U53: 1 | V53: OK | W53: Nâng cao năng lực vùng hiện hữu
A54: BTS023 - Sau BTS Viettel | B54: 49 | C54: Phú Tân | D54: PTA014/PHG | E54: PTN.PHG.OLT.A21.1.8.1_Mai Quốc Thái | F54: Khai 9 | G54: 105.32764 | H54: 10.5981 | I54: 105.32984 | J54: 10.59834 | Q54: 1 | S54: Nâng dung lượng + PTM | T54: Tuyến Kênh 3 Xã hướng PMY | U54: 1 | V54: OK | W54: Nâng cao năng lực vùng hiện hữu
A55: Cua Vp Ấp - Trụ Điện 76 | B55: 50 | C55: Phú Tân | D55: PTA014/PHG | E55: PTN.PHG.OLT.A21.1.6.3_Nghiệp ủy ban | F55: Khai 10 | G55: 105.33313 | H55: 10.59838 | I55: 105.33178 | J55: 10.59844 | N55: 1 | Q55: 1 | S55: Nâng dung lượng + PTM | T55: Tuyến Kênh 3 Xã hướng PMY | U55: 1 | V55: OK | W55: Nâng cao năng lực vùng hiện hữu
A56: Cua Vp Ấp - Trụ Điện 76 | B56: 51 | C56: Phú Tân | D56: PTA014/PHG | E56: Khai 11 | F56: Khai 12 | G56: 105.33629 | H56: 10.59792 | I56: 105.33932 | J56: 10.59732 | K56: 400 | Q56: 1 | S56: Nâng dung lượng + PTM | T56: Tuyến Kênh 3 Xã hướng PMY | U56: 1 | V56: OK | W56: Nâng cao năng lực vùng hiện hữu
A57: Cua Vp Ấp - Trụ Điện 76 | B57: 52 | C57: Phú Tân | D57: PTA014/PHG | E57: PTN.PHG.OLT.A21.3.1.1_BTQ Hưng Thới 2 | F57: Khai 17 | G57: 105.32203 | H57: 10.5969 | I57: 105.32307 | J57: 10.5971 | K57: 120 | N57: 1 | Q57: 1 | S57: Nâng dung lượng + PTM | T57: Tuyến Cầu Trường A hướng chùa Cây Xanh | U57: 1 | V57: OK | W57: Nâng cao năng lực vùng hiện hữu
A58: Cua Vp Ấp - Trụ Điện 76 | B58: 53 | C58: Phú Tân | D58: PTA014/PHG | E58: Khai 17 | F58: Khai 18 | G58: 105.32307 | H58: 10.5971 | I58: 105.32425 | J58: 10.59715 | K58: 170 | Q58: 1 | S58: Nâng dung lượng + PTM | T58: Tuyến Cầu Trường A hướng chùa Cây Xanh | U58: 1 | V58: OK | W58: Nâng cao năng lực vùng hiện hữu
A59: Cua Vp Ấp - Trụ Điện 76 | B59: 54 | C59: Phú Tân | D59: PTA014/PHG | E59: Khai 18 | F59: Khai 19 | G59: 105.32425 | H59: 10.59715 | I59: 105.32851 | J59: 10.59773 | K59: 560 | Q59: 1 | S59: Nâng dung lượng + PTM | T59: Tuyến Cầu Trường A hướng chùa Cây Xanh | U59: 1 | V59: OK | W59: Nâng cao năng lực vùng hiện hữu
A60: BTS032 - Đi vô hẽm | B60: 55 | C60: Phú Tân | D60: PTA014/PHG | E60: Khai 19 | F60: Khai 20 | G60: 105.32851 | H60: 10.59773 | I60: 105.32918 | J60: 10.59772 | K60: 120 | Q60: 1 | S60: Nâng dung lượng + PTM | T60: Tuyến Cầu Trường A hướng chùa Cây Xanh | U60: 1 | V60: OK | W60: Nâng cao năng lực vùng hiện hữu
A61: BTS032 - Đi vô hẽm | B61: 56 | C61: Phú Tân | D61: PTA014/PHG | E61: Khai 20 | F61: Khai 21 | G61: 105.32918 | H61: 10.59772 | I61: 105.3324 | J61: 10.59789 | K61: 420 | N61: 1 | Q61: 1 | S61: Nâng dung lượng + PTM | T61: Tuyến Cầu Trường A hướng chùa Cây Xanh | U61: 1 | V61: OK | W61: Nâng cao năng lực vùng hiện hữu
A62: BTS032 - Đi vô hẽm | B62: 57 | C62: Phú Tân | D62: PTA014/PHG | E62: Khai 21 | F62: PTN.PHG.OLT.A21.1.16.4_Outdoor Phú Hưng | G62: 105.3324 | H62: 10.59789 | I62: 105.33307 | J62: 10.59772 | K62: 120 | S62: Nâng dung lượng + PTM | T62: Tuyến Cầu Trường A hướng chùa Cây Xanh | U62: 1 | V62: OK | W62: Nâng cao năng lực vùng hiện hữu
A63: Ngã 4 Xoài Chek - Cây Khoa 2 | B63: 58 | C63: Phú Tân | D63: PTA014/PHG | E63: VT Phú Hưng | F63: PTN.PHG.OLT.A21.1.1.2_Chợ Phú Hưng | G63: 105.30895 | H63: 10.59178 | I63: 105.3082 | J63: 10.59213 | K63: 180 | S63: Nâng dung lượng + PTM | T63: Tuyến VT PHG hướng chợ PHG | U63: 1 | V63: OK | W63: Nâng cao năng lực vùng hiện hữu
A64: Ngã 4 Xoài Chek - Cây Khoa 3 | B64: 59 | C64: Phú Tân | D64: PTA014/PHG | E64: PTN.PHG.OLT.A21.1.1.2_Chợ Phú Hưng | F64: Khai 22 | G64: 105.3082 | H64: 10.59213 | I64: 105.30836 | J64: 10.59025 | K64: 320 | Q64: 1 | S64: Nâng dung lượng + PTM | T64: Tuyến VT PHG hướng chợ PHG | U64: 1 | V64: OK | W64: Nâng cao năng lực vùng hiện hữu
A65: Ngã 4 Xoài Chek - Cây Khoa 4 | B65: 60 | C65: Phú Tân | D65: PTA014/PHG | E65: Khai 22 | F65: PTN.PHG.OLT.A21.1.7.1_Thúy Huỳnh | G65: 105.30836 | H65: 10.59025 | I65: 105.30832 | J65: 10.5896 | K65: 100 | S65: Nâng dung lượng + PTM | T65: Tuyến VT PHG hướng chợ PHG | U65: 1 | V65: OK | W65: Nâng cao năng lực vùng hiện hữu
A66: Ngã 4 Xoài Chek - Cây Khoa 5 | B66: 61 | C66: Phú Tân | D66: PTA014/PHG | E66: PTN.PHG.OLT.A21.2.11.3_cầu BÀ TÀ | F66: Khai 23 | G66: 105.30971 | H66: 10.58523 | I66: 105.30962 | J66: 10.58408 | Q66: 1 | S66: Nâng dung lượng + PTM | T66: Cầu Bà Tà hướng Sáu Ân | U66: 1 | V66: OK | W66: Nâng cao năng lực vùng hiện hữu
A67: Pon A Tâm - Pon A Nghĩa | B67: 62 | C67: Phú Tân | D67: PTA014/PHG | E67: Khai 23 | F67: Khai 24 | G67: 105.30962 | H67: 10.58408 | I67: 105.30933 | J67: 10.58333 | Q67: 1 | S67: Nâng dung lượng + PTM | T67: Cầu Bà Tà hướng Sáu Ân | U67: 1 | V67: OK | W67: Nâng cao năng lực vùng hiện hữu
A68: Pon A Tâm - Pon A Nghĩa | B68: 63 | C68: Phú Tân | D68: PTA014/PHG | E68: PTN.PHG.OLT.A21.2.6.1_Quán Cây Me | F68: Khai 25 | G68: 105.30646 | H68: 10.57973 | I68: 105.30615 | J68: 10.57922 | Q68: 1 | S68: Nâng dung lượng + PTM | T68: Sáu Ân hướng Khải Già | U68: 1 | V68: OK | W68: Nâng cao năng lực vùng hiện hữu
A69: Pon A Tâm - Pon A Nghĩa | B69: 64 | C69: Phú Tân | D69: PTA014/PHG | E69: PTN.PHG.OLT.A21.2.6.3_Bà Tú | F69: Khai 26 | G69: 105.30905 | H69: 10.57752 | I69: 105.30796 | J69: 10.57775 | Q69: 1 | S69: Nâng dung lượng + PTM | T69: Sáu Ân hướng Khải Già | U69: 1 | V69: OK | W69: Nâng cao năng lực vùng hiện hữu
A70: Pon A Tâm - Pon A Nghĩa | B70: 65 | C70: Phú Tân | D70: PTA014/PHG | E70: PTN.PHG.OLT.A21.1.2.2_Khải Già | F70: Khai 27 | G70: 105.30978 | H70: 10.57638 | I70: 105.30976 | J70: 10.57541 | N70: 1 | Q70: 1 | S70: Nâng dung lượng + PTM | T70: Sáu Ân hướng Khải Già | U70: 1 | V70: OK | W70: Nâng cao năng lực vùng hiện hữu
A71: Trạm CMO048 - Tuấn Bưu tá | B71: 66 | C71: Phú Tân | D71: PTA014/PHG | E71: PTN.PHG.OLT.A21.1.12.1_Dinh Ông | F71: Khai 28 | G71: 105.30541 | H71: 10.57328 | I71: 105.3054 | J71: 10.57406 | Q71: 1 | S71: Nâng dung lượng + PTM | T71: Tuyến Dinh Ông - Út Tuất | U71: 1 | V71: OK | W71: Nâng cao năng lực vùng hiện hữu
A72: Trạm CMO048 - Tuấn Bưu tá | B72: 67 | C72: Phú Tân | D72: PTA001/THA | E72: PTN.THA.OLT.A21.2.3.1_Út Tuất | F72: Khai 29 | G72: 105.30428 | H72: 10.56635 | I72: 105.30436 | J72: 10.56728 | K72: 120 | Q72: 1 | S72: Nâng dung lượng + PTM | T72: Tuyến Dinh Ông - Út Tuất | U72: 1 | V72: OK | W72: Nâng cao năng lực vùng hiện hữu
A73: Trạm CMO048 - Tuấn Bưu tá | B73: 68 | C73: Phú Tân | D73: PTA014/PHG | E73: Khai 29 | F73: PTN.PHG.OLT.A21.1.12.1_Dinh Ông | G73: 105.30436 | H73: 10.56728 | I73: 105.30541 | J73: 10.57328 | K73: 840 | S73: Nâng dung lượng + PTM | T73: Tuyến Dinh Ông - Út Tuất | U73: 1 | V73: OK | W73: Nâng cao năng lực vùng hiện hữu
A74: Trạm CMO048 - Tuấn Bưu tá | B74: 69 | C74: Phú Tân | D74: PTA014/PHG | E74: PTN.PHG.OLT.A21.2.10.3_Bên sông cầu BÀ TÀ | F74: Khai 30 | G74: 105.30917 | H74: 10.58496 | I74: 105.30907 | J74: 10.58416 | N74: 1 | Q74: 1 | S74: Nâng dung lượng + PTM | T74: Tuyến bên sông cầu Bà Tà hướng Dinh Ông | U74: 1 | V74: OK | W74: Nâng cao năng lực vùng hiện hữu
A75: Cầu Kênh Xáng AB - Cầu Kênh Xáng AB 5 | B75: 70 | C75: Phú Tân | D75: PTA014/PHG | E75: Khai 30 | F75: Khai 31 | G75: 105.30907 | H75: 10.58416 | I75: 105.30884 | J75: 10.5829 | Q75: 1 | S75: Nâng dung lượng + PTM | T75: Tuyến bên sông cầu Bà Tà hướng Dinh Ông | U75: 1 | V75: OK | W75: Nâng cao năng lực vùng hiện hữu
A76: Cầu Kênh Xáng AB - Cầu Kênh Xáng AB 5 | B76: 71 | C76: Phú Tân | D76: PTA014/PHG | E76: PTN.PHG.OLT.A21.2.13.2_Cầu 2 Nhuận | F76: Khai 32 | G76: 105.30752 | H76: 10.58093 | I76: 105.30637 | J76: 10.5803 | N76: 1 | Q76: 1 | S76: Nâng dung lượng + PTM | T76: Tuyến bên sông cầu Bà Tà hướng Dinh Ông | U76: 1 | V76: OK | W76: Nâng cao năng lực vùng hiện hữu
A77: Cầu Kênh Xáng AB - Cầu Kênh Xáng AB 5 | B77: 72 | C77: Phú Tân | D77: PTA014/PHG | E77: Khai 32 | F77: Khai 33 | G77: 105.30637 | H77: 10.5803 | I77: 105.30557 | J77: 10.57885 | Q77: 1 | S77: Nâng dung lượng + PTM | T77: Tuyến bên sông cầu Bà Tà hướng Dinh Ông | U77: 1 | V77: OK | W77: Nâng cao năng lực vùng hiện hữu
A78: Cầu Kênh Xáng AB - Cầu Kênh Xáng AB 5 | B78: 73 | C78: Phú Tân | D78: PTA001/THA | E78: PTN.THA.OLT.A21.2.2.1_Vựa Đồ Mũ | F78: Khai 35 | G78: 105.30393 | H78: 10.56872 | I78: 105.30386 | J78: 10.56943 | N78: 1 | Q78: 1 | S78: Nâng dung lượng + PTM | T78: Vựa đồ mủ hướng Dinh Ông | U78: 1 | V78: OK | W78: Nâng cao năng lực vùng hiện hữu
A79: Cầu Kênh Xáng AB - Cầu Kênh Xáng AB 5 | B79: 74 | C79: Phú Tân | D79: PTA001/THA | E79: PTN.THA.OLT.A21.2.2.3_Cô Hằng | F79: Khai 34 | G79: 105.30397 | H79: 10.57049 | I79: 105.3043 | J79: 10.57123 | Q79: 1 | S79: Nâng dung lượng + PTM | T79: Vựa đồ mủ hướng Dinh Ông | U79: 1 | V79: OK | W79: Nâng cao năng lực vùng hiện hữu

Sheet TCU_OK
B1: VTAG - TỔNG HỢP NHU CẦU CÁP QUANG GPON 2026
B3: TỔNG CỘNG: | I3: TTVT TÂN CHÂU | K3: =SUMIF($C$6:$C$4265,"Tân Châu",K6:K4264) -> 8000 | L3: =SUMIF($C$6:$C$4265,"Tân Châu",L6:L4264) -> 0 | M3: =SUMIF($C$6:$C$4265,"Tân Châu",M6:M4264) -> 0 | N3: =SUMIF($C$6:$C$4265,"Tân Châu",N6:N4264) -> 11 | O3: =SUMIF($C$6:$C$4265,"Tân Châu",O6:O4264) -> 0 | P3: =SUMIF($C$6:$C$4265,"Tân Châu",P6:P4264) -> 0 | Q3: =SUMIF($C$6:$C$4265,"Tân Châu",Q6:Q4264) -> 39 | R3: =SUMIF($C$6:$C$4265,"Tân Châu",R6:R4264) -> 0
A4: TUYẾN TỔNG HỢP | B4: STT | C4: Đơn vị | D4: OLT | E4: ĐIỂM ĐẦU A | F4: ĐIỂM ĐẦU B | G4: Tọa độ A | I4: Tọa độ B | K4: Cáp quang 6FO(m) | L4: Cáp quang 12FO(m) | M4: Cáp quang 24FO(m) | N4: SP 1:4 | O4: SP 1: 8 (S1) | P4: SP 1: 8 (S2) | Q4: SP 1: 16 | R4: ODF | S4: Ghi chú | T4: Thông tin bên Biểu 3_MẠNg GPON | U4: Mức độ Ưu tiên từ 1-3 | V4: TTHT CHECK
G5: Long | H5: lat | I5: Long | J5: lat | K5: =SUBTOTAL(9,K6:K3978) -> 8000 | L5: =SUBTOTAL(9,L6:L3978) -> 0 | M5: =SUBTOTAL(9,M6:M3978) -> 0 | N5: =SUBTOTAL(9,N6:N3978) -> 11 | O5: =SUBTOTAL(9,O6:O3978) -> 0 | P5: =SUBTOTAL(9,P6:P3978) -> 0 | Q5: =SUBTOTAL(9,Q6:Q3978) -> 39 | R5: =SUBTOTAL(9,R6:R3978) -> 0 | V5: KẾT QUẢ | W5: LÍ DO
A6: KDC nvc - KDC NVC 2 | B6: 1 | C6: Tân Châu | D6: TCH004 | E6: Trạm Lê CHánh | F6: Chợ Lê Chánh 1 | G6: 105.16804 | H6: 10.73387 | I6: 105.16795 | J6: 10.73385 | K6: 80 | Q6: 1 | S6: KV tủ pon thưa, các tủ hiện tại đã >80% hiệu suất mỗi lần kéo máy phải kéo rất xa | U6: 1 | V6: OK | W6: KV tủ pon thưa, kéo xa, giảm cự ly
A7: UBND XA CÔ TÔ - NGUYỄN THỊ SÁNG | B7: 2 | C7: Tân Châu | D7: TCH004 | E7: Chợ Lê Chánh 1 | F7: Chợ Lê Chánh 2 | G7: 105.16795 | H7: 10.73385 | I7: 105.16813 | J7: 10.73434 | K7: 120 | N7: 1 | Q7: 1 | S7: KV tủ pon thưa, các tủ hiện tại đã >80% hiệu suất mỗi lần kéo máy phải kéo rất xa | U7: 1 | V7: OK | W7: KV tủ pon thưa, kéo xa, giảm cự ly
A8: UBND XA CÔ TÔ - NGUYỄN THỊ SÁNG | B8: 3 | C8: Tân Châu | D8: TCH004 | E8: Chợ Lê Chánh 2 | F8: Chợ Lê Chánh 3 | G8: 105.16813 | H8: 10.73434 | I8: 105.16763 | J8: 10.73438 | K8: 200 | Q8: 1 | S8: KV tủ pon thưa, các tủ hiện tại đã >80% hiệu suất mỗi lần kéo máy phải kéo rất xa | U8: 1 | V8: OK | W8: KV tủ pon thưa, kéo xa, giảm cự ly
A9: UBND XA CÔ TÔ - NGUYỄN THỊ SÁNG | B9: 4 | C9: Tân Châu | D9: TCH004 | E9: Chợ Lê Chánh 3 | F9: Chợ Lê Chánh 4 | G9: 105.16763 | H9: 10.73438 | I9: 105.16716 | J9: 10.73456 | K9: 100 | Q9: 1 | S9: KV tủ pon thưa, các tủ hiện tại đã >80% hiệu suất mỗi lần kéo máy phải kéo rất xa | U9: 1 | V9: OK | W9: KV tủ pon thưa, kéo xa, giảm cự ly
A10: UBND XA CÔ TÔ - NGUYỄN THỊ SÁNG | B10: 5 | C10: Tân Châu | D10: TCH004 | E10: Chợ Lê Chánh 4 | F10: Chợ Lê Chánh 5 | G10: 105.16716 | H10: 10.73456 | I10: 105.16738 | J10: 10.73415 | K10: 90 | Q10: 1 | S10: KV tủ pon thưa, các tủ hiện tại đã >80% hiệu suất mỗi lần kéo máy phải kéo rất xa | U10: 1 | V10: OK | W10: KV tủ pon thưa, kéo xa, giảm cự ly
A11: UBND XA CÔ TÔ - NGUYỄN THỊ SÁNG | B11: 6 | C11: Tân Châu | D11: TCH004 | E11: Chợ Lê Chánh 5 | F11: Chợ Lê Chánh 6 | G11: 105.16738 | H11: 10.73415 | I11: 105.16671 | J11: 10.73476 | K11: 120 | N11: 1 | Q11: 1 | S11: KV tủ pon thưa, các tủ hiện tại đã >80% hiệu suất mỗi lần kéo máy phải kéo rất xa | U11: 1 | V11: OK | W11: KV tủ pon thưa, kéo xa, giảm cự ly
A12: UBND XA CÔ TÔ - NGUYỄN THỊ SÁNG | B12: 7 | C12: Tân Châu | D12: TCH004 | E12: Chợ Lê Chánh 6 | F12: Chợ Lê Chánh 7 | G12: 105.16671 | H12: 10.73476 | I12: 105.16754 | J12: 10.73556 | K12: 150 | Q12: 1 | S12: KV tủ pon thưa, các tủ hiện tại đã >80% hiệu suất mỗi lần kéo máy phải kéo rất xa | U12: 1 | V12: OK | W12: KV tủ pon thưa, kéo xa, giảm cự ly
A13: UBND XA CÔ TÔ - NGUYỄN THỊ SÁNG | B13: 8 | C13: Tân Châu | D13: TCH004 | E13: Chợ Lê Chánh 7 | F13: Chợ Lê Chánh 8 | G13: 105.16754 | H13: 10.73556 | I13: 105.16838 | J13: 10.7363 | K13: 160 | Q13: 1 | S13: KV tủ pon thưa, các tủ hiện tại đã >80% hiệu suất mỗi lần kéo máy phải kéo rất xa | U13: 1 | V13: OK | W13: KV tủ pon thưa, kéo xa, giảm cự ly
A14: UBND XA CÔ TÔ - NGUYỄN THỊ SÁNG | B14: 9 | C14: Tân Châu | D14: TCH004 | E14: Chợ Lê Chánh 8 | F14: Chợ Lê Chánh 9 | G14: 105.16838 | H14: 10.7363 | I14: 105.16844 | J14: 10.73589 | K14: 100 | Q14: 1 | S14: KV tủ pon thưa, các tủ hiện tại đã >80% hiệu suất mỗi lần kéo máy phải kéo rất xa | U14: 1 | V14: OK | W14: KV tủ pon thưa, kéo xa, giảm cự ly
A15: UBND XA CÔ TÔ - NGUYỄN THỊ SÁNG | B15: 10 | C15: Tân Châu | D15: TCH004 | E15: Chợ Lê Chánh 9 | F15: Chợ Lê Chánh 10 | G15: 105.16844 | H15: 10.73589 | I15: 105.16798 | J15: 10.73545 | K15: 100 | N15: 1 | Q15: 1 | S15: KV tủ pon thưa, các tủ hiện tại đã >80% hiệu suất mỗi lần kéo máy phải kéo rất xa | U15: 1 | V15: OK | W15: KV tủ pon thưa, kéo xa, giảm cự ly
A16: TTO021 - TÂM SỬA XE HÀN TIỆN | B16: 11 | C16: Tân Châu | D16: TCH004 | E16: Chợ Lê Chánh 10 | F16: Chợ Lê Chánh 11 | G16: 105.16798 | H16: 10.73545 | I16: 105.16855 | J16: 10.73515 | K16: 130 | Q16: 1 | S16: KV tủ pon thưa, các tủ hiện tại đã >80% hiệu suất mỗi lần kéo máy phải kéo rất xa | U16: 1 | V16: OK | W16: KV tủ pon thưa, kéo xa, giảm cự ly
A17: TTO021 - TÂM SỬA XE HÀN TIỆN | B17: 12 | C17: Tân Châu | D17: TCH013 | E17: Trạm Phú Vĩnh | F17: Long quới C 1 | G17: 105.20671 | H17: 10.76859 | I17: 105.20715 | J17: 10.76886 | K17: 120 | Q17: 1 | S17: KV tủ pon thưa, các tủ hiện tại đã >80% hiệu suất mỗi lần kéo máy phải kéo rất xa | U17: 1 | V17: OK | W17: KV tủ pon thưa, kéo xa, giảm cự ly
A18: TTO021 - TÂM SỬA XE HÀN TIỆN | B18: 13 | C18: Tân Châu | D18: TCH013 | E18: Long quới C 1 | F18: Long quới C 3 | G18: 105.20715 | H18: 10.76886 | I18: 105.20826 | J18: 10.76687 | K18: 280 | N18: 1 | Q18: 1 | S18: KV tủ pon thưa, các tủ hiện tại đã >80% hiệu suất mỗi lần kéo máy phải kéo rất xa | U18: 1 | V18: OK | W18: KV tủ pon thưa, kéo xa, giảm cự ly
A19: TTO021 - TÂM SỬA XE HÀN TIỆN | B19: 14 | C19: Tân Châu | D19: TCH013 | E19: Long quới C 3 | F19: Long quới C 4 | G19: 105.20826 | H19: 10.76687 | I19: 105.20891 | J19: 10.76577 | K19: 200 | Q19: 1 | S19: KV tủ pon thưa, các tủ hiện tại đã >80% hiệu suất mỗi lần kéo máy phải kéo rất xa | U19: 1 | V19: OK | W19: KV tủ pon thưa, kéo xa, giảm cự ly
A20: TTO021 - TÂM SỬA XE HÀN TIỆN | B20: 15 | C20: Tân Châu | D20: TCH013 | E20: Long quới C 4 | F20: Long quới C 5 | G20: 105.20891 | H20: 10.76577 | I20: 105.20951 | J20: 10.76471 | K20: 190 | Q20: 1 | S20: KV tủ pon thưa, các tủ hiện tại đã >80% hiệu suất mỗi lần kéo máy phải kéo rất xa | U20: 1 | V20: OK | W20: KV tủ pon thưa, kéo xa, giảm cự ly
A21: TTO021 - TÂM SỬA XE HÀN TIỆN | B21: 16 | C21: Tân Châu | D21: TCH013 | E21: Long quới C 5 | F21: Long quới C 6 | G21: 105.20951 | H21: 10.76471 | I21: 105.2105 | J21: 10.76295 | K21: 280 | Q21: 1 | S21: KV tủ pon thưa, các tủ hiện tại đã >80% hiệu suất mỗi lần kéo máy phải kéo rất xa | U21: 1 | V21: OK | W21: KV tủ pon thưa, kéo xa, giảm cự ly
A22: TTO021 - TÂM SỬA XE HÀN TIỆN | B22: 17 | C22: Tân Châu | D22: TCH013 | E22: Long quới C 6 | F22: Long quới C 8 | G22: 105.2105 | H22: 10.76295 | I22: 105.21212 | J22: 10.76007 | K22: 360 | N22: 1 | Q22: 1 | S22: KV tủ pon thưa, các tủ hiện tại đã >80% hiệu suất mỗi lần kéo máy phải kéo rất xa | U22: 1 | V22: OK | W22: KV tủ pon thưa, kéo xa, giảm cự ly
A23: TTO021 - TÂM SỬA XE HÀN TIỆN | B23: 18 | C23: Tân Châu | D23: TCH013 | E23: Tủ Hớt Tóc Minh Trí | F23: Long An A 1 | G23: 105.22472 | H23: 10.785782 | I23: 105.22367 | J23: 10.78484 | K23: 180 | Q23: 1 | S23: KV cần phối thêm tủ XGSPON để lấy khách hàng | U23: 1 | V23: OK | W23: KV cần phối thêm để nâng cao năng lực đáp ứng vùng phủ
A24: TTO021 - TÂM SỬA XE HÀN TIỆN | B24: 19 | C24: Tân Châu | D24: TCH013 | E24: Long An A 1 | F24: Long An A 2 | G24: 105.22367 | H24: 10.78484 | I24: 105.22227 | J24: 10.7836 | K24: 270 | N24: 1 | Q24: 1 | S24: KV cần phối thêm tủ XGSPON để lấy khách hàng | U24: 1 | V24: OK | W24: KV cần phối thêm để nâng cao năng lực đáp ứng vùng phủ
A25: TTO008 - THCS LQI 2 | B25: 20 | C25: Tân Châu | D25: TCH013 | E25: Long An A 2 | F25: Long An A 3 | G25: 105.22227 | H25: 10.7836 | I25: 105.22091 | J25: 10.78242 | K25: 220 | Q25: 1 | S25: KV cần phối thêm tủ XGSPON để lấy khách hàng | U25: 1 | V25: OK | W25: KV cần phối thêm để nâng cao năng lực đáp ứng vùng phủ
A26: TTO008 - THCS LQI 2 | B26: 21 | C26: Tân Châu | D26: TCH013 | E26: Long An A 3 | F26: Long An A 4 | G26: 105.22091 | H26: 10.78242 | I26: 105.21987 | J26: 10.78151 | K26: 180 | Q26: 1 | S26: KV cần phối thêm tủ XGSPON để lấy khách hàng | U26: 1 | V26: OK | W26: KV cần phối thêm để nâng cao năng lực đáp ứng vùng phủ
A27: TTO008 - THCS LQI 2 | B27: 22 | C27: Tân Châu | D27: TCH042 | E27: Trạm TCH042 | F27: Khu Vĩnh Ngữ 1 | G27: 105.17368 | H27: 10.79003 | I27: 105.17205 | J27: 10.78876 | K27: 280 | Q27: 1 | S27: KV tủ pon thưa, các tủ hiện tại đã >80% hiệu suất mỗi lần kéo máy phải kéo rất xa | U27: 1 | V27: OK | W27: KV tủ pon thưa, kéo xa, các tủ có hiệu suất cao, không còn cáp để phối thêm
A28: TTO008 - THCS LQI 2 | B28: 23 | C28: Tân Châu | D28: TCH042 | E28: Khu Vĩnh Ngữ 1 | F28: Khu Vĩnh Ngữ 2 | G28: 105.17205 | H28: 10.78876 | I28: 105.17021 | J28: 10.7883 | K28: 230 | N28: 1 | Q28: 1 | S28: KV tủ pon thưa, các tủ hiện tại đã >80% hiệu suất mỗi lần kéo máy phải kéo rất xa | U28: 1 | V28: OK | W28: KV tủ pon thưa, kéo xa, các tủ có hiệu suất cao, không còn cáp để phối thêm
A29: TTN.LQI.OLT.A21.1.7.3_Cầu Lạc Quới 2 - VĨNH LỘC 3 | B29: 24 | C29: Tân Châu | D29: TCH042 | E29: Khu Vĩnh Ngữ 2 | F29: Khu Vĩnh Ngữ 3 | G29: 105.17021 | H29: 10.7883 | I29: 105.16866 | J29: 10.78792 | K29: 215 | Q29: 1 | S29: KV tủ pon thưa, các tủ hiện tại đã >80% hiệu suất mỗi lần kéo máy phải kéo rất xa | U29: 1 | V29: OK | W29: KV tủ pon thưa, kéo xa, các tủ có hiệu suất cao, không còn cáp để phối thêm
A30: TTN.LQI.OLT.A21.1.7.3_Cầu Lạc Quới 2 - VĨNH LỘC 3 | B30: 25 | C30: Tân Châu | D30: TCH042 | E30: Khu Vĩnh Ngữ 3 | F30: Khu Vĩnh Ngữ 4 | G30: 105.16866 | H30: 10.78792 | I30: 105.16665 | J30: 10.78759 | K30: 265 | Q30: 1 | S30: KV tủ pon thưa, các tủ hiện tại đã >80% hiệu suất mỗi lần kéo máy phải kéo rất xa | U30: 1 | V30: OK | W30: KV tủ pon thưa, kéo xa, các tủ có hiệu suất cao, không còn cáp để phối thêm
A31: TTN.LQI.OLT.A21.1.7.3_Cầu Lạc Quới 2 - VĨNH LỘC 3 | B31: 26 | C31: Tân Châu | D31: TCH042 | E31: Khu Vĩnh Ngữ 4 | F31: Khu Vĩnh Ngữ 5 | G31: 105.16665 | H31: 10.78759 | I31: 105.16374 | J31: 10.78563 | K31: 420 | Q31: 1 | S31: KV tủ pon thưa, các tủ hiện tại đã >80% hiệu suất mỗi lần kéo máy phải kéo rất xa | U31: 1 | V31: OK | W31: KV tủ pon thưa, kéo xa, các tủ có hiệu suất cao, không còn cáp để phối thêm
A32: TTN.LQI.OLT.A21.1.7.3_Cầu Lạc Quới 2 - VĨNH LỘC 3 | B32: 27 | C32: Tân Châu | D32: TCH042 | E32: Khu Vĩnh Ngữ 5 | F32: Khu Vĩnh Ngữ 6 | G32: 105.16374 | H32: 10.78563 | I32: 105.16189 | J32: 10.78446 | K32: 280 | N32: 1 | Q32: 1 | S32: KV tủ pon thưa, các tủ hiện tại đã >80% hiệu suất mỗi lần kéo máy phải kéo rất xa | U32: 1 | V32: OK | W32: KV tủ pon thưa, kéo xa, các tủ có hiệu suất cao, không còn cáp để phối thêm
A33: TTN.LQI.OLT.A21.1.7.3_Cầu Lạc Quới 2 - VĨNH LỘC 3 | B33: 28 | C33: Tân Châu | D33: TCH042 | E33: Khu Vĩnh Ngữ 6 | F33: Khu Vĩnh Ngữ 7 | G33: 105.16189 | H33: 10.78446 | I33: 105.15843 | J33: 10.78218 | K33: 540 | Q33: 1 | S33: KV tủ pon thưa, các tủ hiện tại đã >80% hiệu suất mỗi lần kéo máy phải kéo rất xa | U33: 1 | V33: OK | W33: KV tủ pon thưa, kéo xa, các tủ có hiệu suất cao, không còn cáp để phối thêm
A34: TTN.LQI.OLT.A21.1.7.3_Cầu Lạc Quới 2 - VĨNH LỘC 3 | B34: 29 | C34: Tân Châu | D34: TCH042 | E34: Khu Vĩnh Ngữ 7 | F34: Khu Vĩnh Ngữ 8 | G34: 105.15843 | H34: 10.78218 | I34: 105.15683 | J34: 10.78114 | K34: 240 | Q34: 1 | S34: KV tủ pon thưa, các tủ hiện tại đã >80% hiệu suất mỗi lần kéo máy phải kéo rất xa | U34: 1 | V34: OK | W34: KV tủ pon thưa, kéo xa, các tủ có hiệu suất cao, không còn cáp để phối thêm
A35: TTN.LQI.OLT.A21.1.7.3_Cầu Lạc Quới 2 - VĨNH LỘC 3 | B35: 30 | C35: Tân Châu | D35: TCH042 | E35: Khu Vĩnh Ngữ 8 | F35: Khu Vĩnh Ngữ 9 | G35: 105.15683 | H35: 10.78114 | I35: 105.15389 | J35: 10.77973 | K35: 380 | Q35: 1 | S35: KV tủ pon thưa, các tủ hiện tại đã >80% hiệu suất mỗi lần kéo máy phải kéo rất xa | U35: 1 | V35: OK | W35: KV tủ pon thưa, kéo xa, các tủ có hiệu suất cao, không còn cáp để phối thêm
A36: TTN.LQI.OLT.A21.1.7.3_Cầu Lạc Quới 2 - VĨNH LỘC 3 | B36: 31 | C36: Tân Châu | D36: TCH042 | E36: Khu Vĩnh Ngữ 9 | F36: Khu Vĩnh Ngữ 10 | G36: 105.15389 | H36: 10.77973 | I36: 105.15188 | J36: 10.77869 | K36: 270 | N36: 1 | Q36: 1 | S36: KV tủ pon thưa, các tủ hiện tại đã >80% hiệu suất mỗi lần kéo máy phải kéo rất xa | U36: 1 | V36: OK | W36: KV tủ pon thưa, kéo xa, các tủ có hiệu suất cao, không còn cáp để phối thêm
A37: TTN.LQI.OLT.A21.1.7.3_Cầu Lạc Quới 2 - VĨNH LỘC 3 | B37: 32 | C37: Tân Châu | D37: TCH042 | E37: Khu Vĩnh Ngữ 10 | F37: Khu Vĩnh Ngữ 11 | G37: 105.15188 | H37: 10.77869 | I37: 105.14972 | J37: 10.7774 | K37: 310 | Q37: 1 | S37: KV tủ pon thưa, các tủ hiện tại đã >80% hiệu suất mỗi lần kéo máy phải kéo rất xa | U37: 1 | V37: OK | W37: KV tủ pon thưa, kéo xa, các tủ có hiệu suất cao, không còn cáp để phối thêm
A38: TTN.LQI.OLT.A21.1.7.3_Cầu Lạc Quới 2 - VĨNH LỘC 3 | B38: 33 | C38: Tân Châu | D38: TCH004 | E38: Tủ 04M _1.2.3.3 | F38: KDC Vĩnh Thạnh 2 _ 1 | G38: 105.15249 | H38: 10.728923 | I38: 105.15129 | J38: 10.7291 | K38: 190 | Q38: 1 | S38: KV tủ pon thưa, các tủ hiện tại đã >80% hiệu suất mỗi lần kéo máy phải kéo rất xa | U38: 1 | V38: OK | W38: KV tủ pon thưa, kéo xa, giảm cự ly
A39: TTN.LQI.OLT.A21.1.7.3_Cầu Lạc Quới 2 - VĨNH LỘC 3 | B39: 34 | C39: Tân Châu | D39: TCH004 | E39: KDC Vĩnh Thạnh 2 _ 1 | F39: KDC Vĩnh Thạnh 2 _ 2 | G39: 105.15129 | H39: 10.7291 | I39: 105.15385 | J39: 10.73015 | K39: 70 | N39: 1 | Q39: 1 | S39: KV tủ pon thưa, các tủ hiện tại đã >80% hiệu suất mỗi lần kéo máy phải kéo rất xa | U39: 1 | V39: OK | W39: KV tủ pon thưa, kéo xa, giảm cự ly
A40: TTN.LQI.OLT.A21.1.7.3_Cầu Lạc Quới 2 - VĨNH LỘC 3 | B40: 35 | C40: Tân Châu | D40: TCH004 | E40: KDC Vĩnh Thạnh 2 _ 2 | F40: KDC Vĩnh Thạnh 2 _ 3 | G40: 105.15385 | H40: 10.73015 | I40: 105.15385 | J40: 10.73015 | K40: 190 | Q40: 1 | S40: KV tủ pon thưa, các tủ hiện tại đã >80% hiệu suất mỗi lần kéo máy phải kéo rất xa | U40: 1 | V40: OK | W40: KV tủ pon thưa, kéo xa, giảm cự ly
A41: TTN.LQI.OLT.A21.1.7.3_Cầu Lạc Quới 2 - VĨNH LỘC 3 | B41: 36 | C41: Tân Châu | D41: TCH004 | E41: KDC Vĩnh Thạnh 2 _ 3 | F41: KDC Vĩnh Thạnh 2 _ 4 | G41: 105.15385 | H41: 10.73015 | I41: 105.15482 | J41: 10.73054 | K41: 130 | Q41: 1 | S41: KV tủ pon thưa, các tủ hiện tại đã >80% hiệu suất mỗi lần kéo máy phải kéo rất xa | U41: 1 | V41: OK | W41: KV tủ pon thưa, kéo xa, giảm cự ly
A42: TTN.LQI.OLT.A21.1.7.3_Cầu Lạc Quới 2 - VĨNH LỘC 3 | B42: 37 | C42: Tân Châu | D42: TCH004 | E42: KDC Vĩnh Thạnh 2 _ 4 | F42: KDC Vĩnh Thạnh 2 _ 5 | G42: 105.15482 | H42: 10.73054 | I42: 105.1559 | J42: 10.73098 | K42: 130 | Q42: 1 | S42: KV tủ pon thưa, các tủ hiện tại đã >80% hiệu suất mỗi lần kéo máy phải kéo rất xa | U42: 1 | V42: OK | W42: KV tủ pon thưa, kéo xa, giảm cự ly
A43: TTN.LQI.OLT.A21.1.7.3_Cầu Lạc Quới 2 - VĨNH LỘC 3 | B43: 38 | C43: Tân Châu | D43: TCH004 | E43: KDC Vĩnh Thạnh 2 _ 5 | F43: KDC Vĩnh Thạnh 2 _ 6 | G43: 105.1559 | H43: 10.73098 | I43: 105.15728 | J43: 10.73159 | K43: 170 | N43: 1 | Q43: 1 | S43: KV tủ pon thưa, các tủ hiện tại đã >80% hiệu suất mỗi lần kéo máy phải kéo rất xa | U43: 1 | V43: OK | W43: KV tủ pon thưa, kéo xa, giảm cự ly
A44: TTN.LQI.OLT.A21.1.7.3_Cầu Lạc Quới 2 - VĨNH LỘC 3 | B44: 39 | C44: Tân Châu | D44: TCH004 | E44: KDC Vĩnh Thạnh 2 _ 6 | F44: KDC Vĩnh Thạnh 2 _ 7 | G44: 105.15728 | H44: 10.73159 | I44: 105.15979 | J44: 10.73256 | K44: 60 | Q44: 1 | S44: KV tủ pon thưa, các tủ hiện tại đã >80% hiệu suất mỗi lần kéo máy phải kéo rất xa | U44: 1 | V44: OK | W44: KV tủ pon thưa, kéo xa, giảm cự ly
